Country Name,Country Code,Year,GDP per capita
Afghanistan,AFG,2016,590.4273674
Albania,ALB,2016,4090.372739
Algeria,DZA,2016,4246.24216
American Samoa,ASM,2016,13116.43098
Andorra,AND,2016,39886.64009
Angola,AGO,2016,2914.412131
Antigua and Barbuda,ATG,2016,15570.90406
Argentina,ARG,2016,13360.21183
Armenia,ARM,2016,3689.830085
Aruba,ABW,2016,28852.23707
Australia,AUS,2016,57354.54981
Austria,AUT,2016,44590.25163
Azerbaijan,AZE,2016,5270.739099
"Bahamas, The",BHS,2016,29459.05221
Bahrain,BHR,2016,22810.77492
Bangladesh,BGD,2016,1307.732333
Barbados,BRB,2016,17385.20075
Belarus,BLR,2016,5811.251148
Belgium,BEL,2016,41318.01964
Belize,BLZ,2016,6024.835945
Benin,BEN,2016,1045.150937
Bermuda,BMU,2016,102407.3944
Bhutan,BTN,2016,2889.493866
Bolivia,BOL,2016,3054.892548
Bosnia and Herzegovina,BIH,2016,4865.352265
Botswana,BWA,2016,6166.090252
Brazil,BRA,2016,8426.842251
British Virgin Islands,VGB,2016,
Brunei Darussalam,BRN,2016,29601.09985
Bulgaria,BGR,2016,7347.710693
Burkina Faso,BFA,2016,650.4172609
Burundi,BDI,2016,282.9759665
Cabo Verde,CPV,2016,3267.87903
Cambodia,KHM,2016,1235.323404
Cameroon,CMR,2016,1420.029872
Canada,CAN,2016,43536.9134
Cayman Islands,CYM,2016,78077.43365
Central African Republic,CAF,2016,362.2183312
Chad,TCD,2016,703.4660071
Channel Islands,CHI,2016,
Chile,CHL,2016,13644.62326
China,CHN,2016,8516.52919
Colombia,COL,2016,6291.079698
Comoros,COM,2016,1337.527869
"Congo, Dem. Rep.",COD,2016,476.8149045
"Congo, Rep.",COG,2016,2045.202266
Costa Rica,CRI,2016,11893.32325
Cote d'Ivoire,CIV,2016,2027.833976
Croatia,HRV,2016,12588.35317
Cuba,CUB,2016,7721.791846
Curacao,CUW,2016,18890.75873
Cyprus,CYP,2016,24916.61914
Czechia,CZE,2016,18247.01173
Denmark,DNK,2016,54556.06895
Djibouti,DJI,2016,2538.054019
Dominica,DMA,2016,7929.805284
Dominican Republic,DOM,2016,7209.99019
Ecuador,ECU,2016,5965.643273
"Egypt, Arab Rep.",EGY,2016,3444.268262
El Salvador,SLV,2016,3845.022493
Equatorial Guinea,GNQ,2016,8594.450219
Eritrea,ERI,2016,
Estonia,EST,2016,17945.94496
Eswatini,SWZ,2016,3594.167067
Ethiopia,ETH,2016,671.2905841
Faroe Islands,FRO,2016,52762.43004
Fiji,FJI,2016,5223.376465
Finland,FIN,2016,43878.96673
France,FRA,2016,36956.7958
French Polynesia,PYF,2016,18561.14779
Gabon,GAB,2016,7038.577278
"Gambia, The",GMB,2016,606.3161989
Georgia,GEO,2016,4128.309803
Germany,DEU,2016,41682.03224
Ghana,GHA,2016,1728.097232
Gibraltar,GIB,2016,
Greece,GRC,2016,18070.78073
Greenland,GRL,2016,46561.78431
Grenada,GRD,2016,8621.538901
Guam,GUM,2016,34509.60065
Guatemala,GTM,2016,4034.150577
Guinea,GIN,2016,816.8470793
Guinea-Bissau,GNB,2016,607.1663368
Guyana,GUY,2016,5852.837731
Haiti,HTI,2016,1411.14311
Honduras,HND,2016,2303.878504
"Hong Kong SAR, China",HKG,2016,43087.54139
Hungary,HUN,2016,13035.35286
Iceland,ISL,2016,55513.6423
India,IND,2016,1701.184227
Indonesia,IDN,2016,3453.04943
"Iran, Islamic Rep.",IRN,2016,5332.101032
Iraq,IRQ,2016,4903.823256
Ireland,IRL,2016,62588.66828
Isle of Man,IMN,2016,90801.10413
Israel,ISR,2016,37109.02182
Italy,ITA,2016,30685.6459
Jamaica,JAM,2016,5132.227495
Japan,JPN,2016,35242.19938
Jordan,JOR,2016,3949.610785
Kazakhstan,KAZ,2016,10476.346
Kenya,KEN,2016,1525.743546
Kiribati,KIR,2016,1430.036798
"Korea, Dem. People's Rep.",PRK,2016,
"Korea, Rep.",KOR,2016,29461.78401
Kosovo,XKX,2016,3739.196349
Kuwait,KWT,2016,29134.31663
Kyrgyz Republic,KGZ,2016,1146.103074
Lao PDR,LAO,2016,2240.416347
Latvia,LVA,2016,14242.57267
Lebanon,LBN,2016,8101.709668
Lesotho,LSO,2016,1140.381824
Liberia,LBR,2016,675.0596106
Libya,LBY,2016,7639.232673
Liechtenstein,LIE,2016,
Lithuania,LTU,2016,14810.25178
Luxembourg,LUX,2016,108351.4522
"Macao SAR, China",MAC,2016,71394.83067
Madagascar,MDG,2016,461.7360481
Malawi,MWI,2016,542.9257367
Malaysia,MYS,2016,9984.14767
Maldives,MDV,2016,9619.954605
Mali,MLI,2016,741.7976347
Malta,MLT,2016,25181.35892
Marshall Islands,MHL,2016,3862.829771
Mauritania,MRT,2016,1541.162893
Mauritius,MUS,2016,9868.327166
Mexico,MEX,2016,9897.170878
"Micronesia, Fed. Sts.",FSM,2016,2905.061452
Moldova,MDA,2016,2911.337767
Monaco,MCO,2016,174739.5778
Mongolia,MNG,2016,3892.652205
Montenegro,MNE,2016,6707.847259
Morocco,MAR,2016,3116.562988
Mozambique,MOZ,2016,597.9449806
Myanmar,MMR,2016,1342.586537
Namibia,NAM,2016,4880.445101
Nauru,NRU,2016,8013.681953
Nepal,NPL,2016,878.1503885
Netherlands,NLD,2016,45938.78504
New Caledonia,NCL,2016,
New Zealand,NZL,2016,39208.76763
Nicaragua,NIC,2016,2087.68769
Niger,NER,2016,489.4338123
Nigeria,NGA,2016,2570.960278
North Macedonia,MKD,2016,4994.561201
Northern Mariana Islands,MNP,2016,22995.52741
Norway,NOR,2016,75017.49447
Oman,OMN,2016,18799.80845
Pakistan,PAK,2016,1337.123241
Palau,PLW,2016,15728.77601
Panama,PAN,2016,14099.93632
Papua New Guinea,PNG,2016,2575.067822
Paraguay,PRY,2016,6025.084258
Peru,PER,2016,6337.580012
Philippines,PHL,2016,3130.910645
Poland,POL,2016,12936.57326
Portugal,PRT,2016,19700.91
Puerto Rico,PRI,2016,29961.75282
Qatar,QAT,2016,64233.26221
Romania,ROU,2016,9286.596924
Russian Federation,RUS,2016,9313.975586
Rwanda,RWA,2016,758.8701429
Samoa,WSM,2016,4329.727611
San Marino,SMR,2016,42935.41733
Sao Tome and Principe,STP,2016,1608.885678
Saudi Arabia,SAU,2016,20508.11765
Senegal,SEN,2016,1281.546121
Serbia,SRB,2016,5805.898062
Seychelles,SYC,2016,15446.81343
Sierra Leone,SLE,2016,603.408938
Singapore,SGP,2016,56906.63258
Sint Maarten (Dutch part),SXM,2016,31507.86893
Slovak Republic,SVK,2016,16687.98446
Slovenia,SVN,2016,21541.17642
Solomon Islands,SLB,2016,2197.988184
Somalia,SOM,2016,405.1115802
South Africa,ZAF,2016,6185.746047
South Sudan,SSD,2016,
Spain,ESP,2016,26514.32481
Sri Lanka,LKA,2016,4174.637002
St. Kitts and Nevis,KNA,2016,20813.77412
St. Lucia,LCA,2016,10595.51149
St. Martin (French part),MAF,2016,
St. Vincent and the Grenadines,VCT,2016,7730.936052
Sudan,SDN,2016,2233.061523
Suriname,SUR,2016,8382.867102
Sweden,SWE,2016,51955.86107
Switzerland,CHE,2016,84611.09985
Syrian Arab Republic,SYR,2016,812.7660889
Tajikistan,TJK,2016,1013.391229
Tanzania,TZA,2016,959.1373291
Thailand,THA,2016,5878.753997
Timor-Leste,TLS,2016,1346.103665
Togo,TGO,2016,782.79985
Tonga,TON,2016,4405.748687
Trinidad and Tobago,TTO,2016,17038.77621
Tunisia,TUN,2016,3961.352483
Turkiye,TUR,2016,11022.4947
Turkmenistan,TKM,2016,6478.47003
Turks and Caicos Islands,TCA,2016,26417.95734
Tuvalu,TUV,2016,3584.189358
Uganda,UGA,2016,875.7962532
Ukraine,UKR,2016,2185.317383
United Arab Emirates,ARE,2016,43457.51348
United Kingdom,GBR,2016,45699.29696
United States,USA,2016,57292.53878
Uruguay,URY,2016,17181.90697
Uzbekistan,UZB,2016,2867.051113
Vanuatu,VUT,2016,2701.59226
"Venezuela, RB",VEN,2016,
Vietnam,VNM,2016,2741.052937
Virgin Islands (U.S.),VIR,2016,34614.74826
West Bank and Gaza,PSE,2016,3483.099035
"Yemen, Rep.",YEM,2016,1313.973608
Zambia,ZMB,2016,1315.250562
Zimbabwe,ZWE,2016,1393.71701
Africa Eastern and Southern,AFE,2016,1537.98184
Africa Western and Central,AFW,2016,1833.36951
Arab World,ARB,2016,6380.420528
Caribbean small states,CSS,2016,10205.03024
Central Europe and the Baltics,CEB,2016,12903.02833
Early-demographic dividend,EAR,2016,3304.719396
East Asia & Pacific,EAS,2016,9964.211603
East Asia & Pacific (excluding high income),EAP,2016,6878.207852
East Asia & Pacific (IDA & IBRD countries),TEA,2016,6955.088825
Euro area,EMU,2016,34927.48923
Europe & Central Asia,ECS,2016,22890.04771
Europe & Central Asia (excluding high income),ECA,2016,7526.294566
Europe & Central Asia (IDA & IBRD countries),TEC,2016,8098.981852
European Union,EUU,2016,31022.55031
Fragile and conflict affected situations,FCS,2016,1895.592823
Heavily indebted poor countries (HIPC),HPC,2016,974.6261545
High income,HIC,2016,40318.71738
IBRD only,IBD,2016,5722.764589
IDA & IBRD total,IBT,2016,4615.195939
IDA blend,IDB,2016,1925.782681
IDA only,IDX,2016,1099.959076
IDA total,IDA,2016,1375.451336
Late-demographic dividend,LTE,2016,8528.797067
Latin America & Caribbean,LCN,2016,8552.256463
Latin America & Caribbean (excluding high income),LAC,2016,8117.957813
Latin America & the Caribbean (IDA & IBRD countries),TLA,2016,8403.819411
Least developed countries: UN classification,LDC,2016,1018.489443
Low & middle income,LMY,2016,4469.326026
Low income,LIC,2016,768.218428
Lower middle income,LMC,2016,2052.036983
Middle East & North Africa,MEA,2016,7396.02593
Middle East & North Africa (excluding high income),MNA,2016,3936.998167
Middle East & North Africa (IDA & IBRD countries),TMN,2016,3942.205109
Middle income,MIC,2016,4861.701727
North America,NAC,2016,55918.00292
Not classified,INX,2016,
OECD members,OED,2016,36014.10826
Other small states,OSS,2016,12586.47442
Pacific island small states,PSS,2016,3818.287842
Post-demographic dividend,PST,2016,41166.0521
Pre-demographic dividend,PRE,2016,1551.065164
Small states,SST,2016,11615.96682
South Asia,SAS,2016,1620.762495
South Asia (IDA & IBRD),TSA,2016,1620.762495
Sub-Saharan Africa,SSF,2016,1657.652392
Sub-Saharan Africa (excluding high income),SSA,2016,1656.392315
Sub-Saharan Africa (IDA & IBRD countries),TSS,2016,1657.652392
Upper middle income,UMC,2016,7930.594555
World,WLD,2016,10321.1368
Afghanistan,AFG,2015,592.4761648
Albania,ALB,2015,3952.803584
Algeria,DZA,2015,4197.419971
American Samoa,ASM,2015,13101.54182
Andorra,AND,2015,38885.53032
Angola,AGO,2015,3100.830685
Antigua and Barbuda,ATG,2015,14861.88271
Argentina,ARG,2015,13789.06042
Armenia,ARM,2015,3666.141825
Aruba,ABW,2015,28421.38649
Australia,AUS,2015,56708.9612
Austria,AUT,2015,44195.81759
Azerbaijan,AZE,2015,5500.50462
"Bahamas, The",BHS,2015,29724.95334
Bahrain,BHR,2015,22795.44886
Bangladesh,BGD,2015,1236.004398
Barbados,BRB,2015,16990.21947
Belarus,BLR,2015,5967.069185
Belgium,BEL,2015,41008.29672
Belize,BLZ,2015,6142.478833
Benin,BEN,2015,1041.652523
Bermuda,BMU,2015,102005.6256
Bhutan,BTN,2015,2695.636904
Bolivia,BOL,2015,2975.648811
Bosnia and Herzegovina,BIH,2015,4654.609552
Botswana,BWA,2015,5869.737772
Brazil,BRA,2015,8783.214413
British Virgin Islands,VGB,2015,
Brunei Darussalam,BRN,2015,30681.43744
Bulgaria,BGR,2015,7081.102336
Burkina Faso,BFA,2015,632.1266858
Burundi,BDI,2015,289.3596271
Cabo Verde,CPV,2015,3169.078915
Cambodia,KHM,2015,1170.742816
Cameroon,CMR,2015,1399.675336
Canada,CAN,2015,43596.13554
Cayman Islands,CYM,2015,77295.84566
Central African Republic,CAF,2015,351.8797548
Chad,TCD,2015,774.4116031
Channel Islands,CHI,2015,
Chile,CHL,2015,13569.94813
China,CHN,2015,8016.446016
Colombia,COL,2015,6228.651622
Comoros,COM,2015,1322.936775
"Congo, Dem. Rep.",COD,2015,482.0645685
"Congo, Rep.",COG,2015,2347.818507
Costa Rica,CRI,2015,11529.95517
Cote d'Ivoire,CIV,2015,1941.581898
Croatia,HRV,2015,12071.09096
Cuba,CUB,2015,7683.757891
Curacao,CUW,2015,19260.26985
Cyprus,CYP,2015,23487.21875
Czechia,CZE,2015,17829.69832
Denmark,DNK,2015,53254.85637
Djibouti,DJI,2015,2409.311902
Dominica,DMA,2015,7724.042411
Dominican Republic,DOM,2015,6838.936735
Ecuador,ECU,2015,6130.586676
"Egypt, Arab Rep.",EGY,2015,3370.382447
El Salvador,SLV,2015,3761.51368
Equatorial Guinea,GNQ,2015,9788.983804
Eritrea,ERI,2015,
Estonia,EST,2015,17402.03761
Eswatini,SWZ,2015,3583.31129
Ethiopia,ETH,2015,630.3126271
Faroe Islands,FRO,2015,52726.6887
Fiji,FJI,2015,5105.190039
Finland,FIN,2015,42801.90812
France,FRA,2015,36652.92231
French Polynesia,PYF,2015,18252.51413
Gabon,GAB,2015,7090.454634
"Gambia, The",GMB,2015,611.6712178
Georgia,GEO,2015,4014.112241
Germany,DEU,2015,41103.25644
Ghana,GHA,2015,1711.271471
Gibraltar,GIB,2015,
Greece,GRC,2015,18083.87791
Greenland,GRL,2015,44536.35609
Grenada,GRD,2015,8379.621847
Guam,GUM,2015,34522.37793
Guatemala,GTM,2015,3994.629085
Guinea,GIN,2015,756.4255898
Guinea-Bissau,GNB,2015,585.9570126
Guyana,GUY,2015,5668.429765
Haiti,HTI,2015,1405.714786
Honduras,HND,2015,2257.225284
"Hong Kong SAR, China",HKG,2015,42432.16197
Hungary,HUN,2015,12717.0386
Iceland,ISL,2015,52951.68151
India,IND,2015,1590.174322
Indonesia,IDN,2015,3322.581679
"Iran, Islamic Rep.",IRN,2015,4990.936795
Iraq,IRQ,2015,4416.942923
Ireland,IRL,2015,62053.98444
Isle of Man,IMN,2015,84753.45673
Israel,ISR,2015,36206.52222
Italy,ITA,2015,30242.38614
Jamaica,JAM,2015,5077.551636
Japan,JPN,2015,34960.63938
Jordan,JOR,2015,4064.25301
Kazakhstan,KAZ,2015,10510.77031
Kenya,KEN,2015,1496.653568
Kiribati,KIR,2015,1459.143695
"Korea, Dem. People's Rep.",PRK,2015,
"Korea, Rep.",KOR,2015,28732.23108
Kosovo,XKX,2015,3520.780421
Kuwait,KWT,2015,29315.19607
Kyrgyz Republic,KGZ,2015,1121.082691
Lao PDR,LAO,2015,2125.459057
Latvia,LVA,2015,13786.4568
Lebanon,LBN,2015,7802.751368
Lesotho,LSO,2015,1113.868632
Liberia,LBR,2015,699.6629469
Libya,LBY,2015,7867.515731
Liechtenstein,LIE,2015,167809.2127
Lithuania,LTU,2015,14263.96458
Luxembourg,LUX,2015,105462.0126
"Macao SAR, China",MAC,2015,73220.63173
Madagascar,MDG,2015,455.6380345
Malawi,MWI,2015,544.2768724
Malaysia,MYS,2015,9699.584909
Maldives,MDV,2015,9434.31191
Mali,MLI,2015,723.504205
Malta,MLT,2015,24921.6779
Marshall Islands,MHL,2015,3703.649059
Mauritania,MRT,2015,1562.726853
Mauritius,MUS,2015,9507.871337
Mexico,MEX,2015,9753.400562
"Micronesia, Fed. Sts.",FSM,2015,2891.322103
Moldova,MDA,2015,2749.913038
Monaco,MCO,2015,170338.6004
Mongolia,MNG,2015,3919.351214
Montenegro,MNE,2015,6517.189614
Morocco,MAR,2015,3139.228271
Mozambique,MOZ,2015,594.2269178
Myanmar,MMR,2015,1224.562368
Namibia,NAM,2015,4965.672829
Nauru,NRU,2015,7587.251485
Nepal,NPL,2015,882.3076635
Netherlands,NLD,2015,45193.40322
New Caledonia,NCL,2015,32428.57211
New Zealand,NZL,2015,38630.72659
Nicaragua,NIC,2015,2025.327261
Niger,NER,2015,481.1113011
Nigeria,NGA,2015,2679.554765
North Macedonia,MKD,2015,4861.55616
Northern Mariana Islands,MNP,2015,17665.10075
Norway,NOR,2015,74809.9658
Oman,OMN,2015,18777.43306
Pakistan,PAK,2015,1282.443026
Palau,PLW,2015,15761.36338
Panama,PAN,2015,13669.55944
Papua New Guinea,PNG,2015,2502.073746
Paraguay,PRY,2015,5861.389724
Peru,PER,2015,6180.118799
Philippines,PHL,2015,2974.29692
Poland,POL,2015,12560.05142
Portugal,PRT,2015,19250.10654
Puerto Rico,PRI,2015,29763.4883
Qatar,QAT,2015,66984.9102
Romania,ROU,2015,8976.955236
Russian Federation,RUS,2015,9313.021484
Rwanda,RWA,2015,733.8228504
Samoa,WSM,2015,4048.467057
San Marino,SMR,2015,42281.81125
Sao Tome and Principe,STP,2015,1571.49854
Saudi Arabia,SAU,2015,20442.36606
Senegal,SEN,2015,1238.1264
Serbia,SRB,2015,5588.979444
Seychelles,SYC,2015,14894.48578
Sierra Leone,SLE,2015,581.2934118
Singapore,SGP,2015,55645.60686
Sint Maarten (Dutch part),SXM,2015,32274.89055
Slovak Republic,SVK,2015,16390.88217
Slovenia,SVN,2015,20890.16643
Solomon Islands,SLB,2015,2134.805424
Somalia,SOM,2015,387.6079944
South Africa,ZAF,2015,6204.929901
South Sudan,SSD,2015,1071.777765
Spain,ESP,2015,25754.36103
Sri Lanka,LKA,2015,3990.353123
St. Kitts and Nevis,KNA,2015,20025.88485
St. Lucia,LCA,2015,10290.35048
St. Martin (French part),MAF,2015,
St. Vincent and the Grenadines,VCT,2015,7386.737484
Sudan,SDN,2015,2226.409424
Suriname,SUR,2015,8907.838127
Sweden,SWE,2015,51545.48361
Switzerland,CHE,2015,83806.4476
Syrian Arab Republic,SYR,2015,857.4978675
Tajikistan,TJK,2015,970.3625997
Tanzania,TZA,2015,929.1072388
Thailand,THA,2015,5708.794147
Timor-Leste,TLS,2015,1322.300887
Togo,TGO,2015,760.2429116
Tonga,TON,2015,4117.93037
Trinidad and Tobago,TTO,2015,18389.53103
Tunisia,TUN,2015,3960.924849
Turkiye,TUR,2015,10851.92011
Turkmenistan,TKM,2015,6208.296655
Turks and Caicos Islands,TCA,2015,25783.2941
Tuvalu,TUV,2015,3384.382534
Uganda,UGA,2015,864.1800594
Ukraine,UKR,2015,2124.662598
United Arab Emirates,ARE,2015,41525.1389
United Kingdom,GBR,2015,45071.07432
United States,USA,2015,56762.72945
Uruguay,URY,2015,16950.75338
Uzbekistan,UZB,2015,2753.971058
Vanuatu,VUT,2015,2643.886894
"Venezuela, RB",VEN,2015,
Vietnam,VNM,2015,2595.234979
Virgin Islands (U.S.),VIR,2015,34007.35294
West Bank and Gaza,PSE,2015,3272.154324
"Yemen, Rep.",YEM,2015,1488.416267
Zambia,ZMB,2015,1307.909649
Zimbabwe,ZWE,2015,1410.329173
Africa Eastern and Southern,AFE,2015,1545.559084
Africa Western and Central,AFW,2015,1880.750778
Arab World,ARB,2015,6283.256026
Caribbean small states,CSS,2015,10447.67995
Central Europe and the Baltics,CEB,2015,12525.6327
Early-demographic dividend,EAR,2015,3204.508591
East Asia & Pacific,EAS,2015,9586.891992
East Asia & Pacific (excluding high income),EAP,2015,6501.712686
East Asia & Pacific (IDA & IBRD countries),TEA,2015,6574.573472
Euro area,EMU,2015,34388.81037
Europe & Central Asia,ECS,2015,22560.0453
Europe & Central Asia (excluding high income),ECA,2015,7459.081845
Europe & Central Asia (IDA & IBRD countries),TEC,2015,7995.188562
European Union,EUU,2015,30485.75829
Fragile and conflict affected situations,FCS,2015,1893.140624
Heavily indebted poor countries (HIPC),HPC,2015,961.0591229
High income,HIC,2015,39815.14025
IBRD only,IBD,2015,5524.939798
IDA & IBRD total,IBT,2015,4473.545245
IDA blend,IDB,2015,1930.750224
IDA only,IDX,2015,1075.731885
IDA total,IDA,2015,1361.632773
Late-demographic dividend,LTE,2015,8213.692387
Latin America & Caribbean,LCN,2015,8652.439965
Latin America & Caribbean (excluding high income),LAC,2015,8226.892485
Latin America & the Caribbean (IDA & IBRD countries),TLA,2015,8505.153224
Least developed countries: UN classification,LDC,2015,1003.222655
Low & middle income,LMY,2015,4329.83603
Low income,LIC,2015,772.240785
Lower middle income,LMC,2015,1969.272102
Middle East & North Africa,MEA,2015,7217.651557
Middle East & North Africa (excluding high income),MNA,2015,3805.679928
Middle East & North Africa (IDA & IBRD countries),TMN,2015,3811.773544
Middle income,MIC,2015,4701.528023
North America,NAC,2015,55452.42138
Not classified,INX,2015,
OECD members,OED,2015,35600.83187
Other small states,OSS,2015,12506.318
Pacific island small states,PSS,2015,3723.875213
Post-demographic dividend,PST,2015,40641.16293
Pre-demographic dividend,PRE,2015,1557.659475
Small states,SST,2015,11583.98086
South Asia,SAS,2015,1523.383336
South Asia (IDA & IBRD),TSA,2015,1523.383336
Sub-Saharan Africa,SSF,2015,1681.367334
Sub-Saharan Africa (excluding high income),SSA,2015,1680.143509
Sub-Saharan Africa (IDA & IBRD countries),TSS,2015,1681.367334
Upper middle income,UMC,2015,7664.045408
World,WLD,2015,10156.95346
Afghanistan,AFG,2014,602.5166003
Albania,ALB,2014,3855.760754
Algeria,DZA,2014,4129.422535
American Samoa,ASM,2014,12494.98021
Andorra,AND,2014,38402.64926
Angola,AGO,2014,3185.009706
Antigua and Barbuda,ATG,2014,14427.40691
Argentina,ARG,2014,13567.94842
Armenia,ARM,2014,3538.529395
Aruba,ABW,2014,27624.3773
Australia,AUS,2014,56318.63598
Austria,AUT,2014,44245.16874
Azerbaijan,AZE,2014,5506.182671
"Bahamas, The",BHS,2014,29701.29036
Bahrain,BHR,2014,23107.95659
Bangladesh,BGD,2014,1173.893005
Barbados,BRB,2014,16615.50544
Belarus,BLR,2014,6212.93643
Belgium,BEL,2014,40421.42079
Belize,BLZ,2014,6069.46148
Benin,BEN,2014,1054.108767
Bermuda,BMU,2014,101374.4698
Bhutan,BTN,2014,2551.483055
Bolivia,BOL,2014,2882.806896
Bosnia and Herzegovina,BIH,2014,4403.674797
Botswana,BWA,2014,6291.249285
Brazil,BRA,2014,9183.45867
British Virgin Islands,VGB,2014,
Brunei Darussalam,BRN,2014,31155.74763
Bulgaria,BGR,2014,6802.858113
Burkina Faso,BFA,2014,626.6262508
Burundi,BDI,2014,307.7655312
Cabo Verde,CPV,2014,3174.705331
Cambodia,KHM,2014,1109.375653
Cameroon,CMR,2014,1366.966595
Canada,CAN,2014,43635.09548
Cayman Islands,CYM,2014,76872.58092
Central African Republic,CAF,2014,338.7003849
Chad,TCD,2014,777.9356811
Channel Islands,CHI,2014,
Chile,CHL,2014,13421.53834
China,CHN,2014,7532.785697
Colombia,COL,2014,6107.08302
Comoros,COM,2014,1336.489702
"Congo, Dem. Rep.",COD,2014,466.4249466
"Congo, Rep.",COG,2014,2493.088071
Costa Rica,CRI,2014,11240.71159
Cote d'Ivoire,CIV,2014,1858.615354
Croatia,HRV,2014,11677.48175
Cuba,CUB,2014,7362.341667
Curacao,CUW,2014,19459.49436
Cyprus,CYP,2014,22581.81641
Czechia,CZE,2014,16951.37912
Denmark,DNK,2014,52404.76397
Djibouti,DJI,2014,2279.577595
Dominica,DMA,2014,8013.753085
Dominican Republic,DOM,2014,6472.849075
Ecuador,ECU,2014,6215.838092
"Egypt, Arab Rep.",EGY,2014,3301.204443
El Salvador,SLV,2014,3686.095562
Equatorial Guinea,GNQ,2014,11200.81072
Eritrea,ERI,2014,
Estonia,EST,2014,17096.64458
Eswatini,SWZ,2014,3530.360904
Ethiopia,ETH,2014,586.5736207
Faroe Islands,FRO,2014,52595.02675
Fiji,FJI,2014,4894.044
Finland,FIN,2014,42710.92129
France,FRA,2014,36378.61866
French Polynesia,PYF,2014,18047.57423
Gabon,GAB,2014,7039.682149
"Gambia, The",GMB,2014,605.0336927
Georgia,GEO,2014,3902.497145
Germany,DEU,2014,40851.16173
Ghana,GHA,2014,1715.824117
Gibraltar,GIB,2014,
Greece,GRC,2014,18000.41846
Greenland,GRL,2014,45545.14408
Grenada,GRD,2014,7939.502066
Guam,GUM,2014,34328.5632
Guatemala,GTM,2014,3903.051966
Guinea,GIN,2014,747.363411
Guinea-Bissau,GNB,2014,566.5355786
Guyana,GUY,2014,5659.075248
Haiti,HTI,2014,1406.412235
Honduras,HND,2014,2213.440507
"Hong Kong SAR, China",HKG,2014,41796.84057
Hungary,HUN,2014,12233.29937
Iceland,ISL,2014,51233.24405
India,IND,2014,1490.028499
Indonesia,IDN,2014,3203.484287
"Iran, Islamic Rep.",IRN,2014,5178.900707
Iraq,IRQ,2014,4333.823989
Ireland,IRL,2014,50368.13774
Isle of Man,IMN,2014,84774.41828
Israel,ISR,2014,36035.25775
Italy,ITA,2014,29979.91872
Jamaica,JAM,2014,5049.081078
Japan,JPN,2014,34386.90586
Jordan,JOR,2014,4348.236659
Kazakhstan,KAZ,2014,10539.0431
Kenya,KEN,2014,1457.543061
Kiribati,KIR,2014,1348.011907
"Korea, Dem. People's Rep.",PRK,2014,
"Korea, Rep.",KOR,2014,28094.9177
Kosovo,XKX,2014,3279.052988
Kuwait,KWT,2014,30282.47101
Kyrgyz Republic,KGZ,2014,1101.705191
Lao PDR,LAO,2014,2009.825534
Latvia,LVA,2014,13162.65456
Lebanon,LBN,2014,7921.080236
Lesotho,LSO,2014,1092.088473
Liberia,LBR,2014,714.18249
Libya,LBY,2014,8057.300359
Liechtenstein,LIE,2014,
Lithuania,LTU,2014,13850.00013
Luxembourg,LUX,2014,105583.937
"Macao SAR, China",MAC,2014,95001.48097
Madagascar,MDG,2014,453.3834142
Malawi,MWI,2014,544.2637935
Malaysia,MYS,2014,9369.087134
Maldives,MDV,2014,9584.443372
Mali,MLI,2014,703.2310345
Malta,MLT,2014,23286.19279
Marshall Islands,MHL,2014,3554.491362
Mauritania,MRT,2014,1522.759134
Mauritius,MUS,2014,9181.615754
Mexico,MEX,2014,9553.286174
"Micronesia, Fed. Sts.",FSM,2014,2774.694714
Moldova,MDA,2014,2738.161974
Monaco,MCO,2014,165362.4319
Mongolia,MNG,2014,3909.91332
Montenegro,MNE,2014,6307.015599
Morocco,MAR,2014,3047.130859
Mozambique,MOZ,2014,573.9959503
Myanmar,MMR,2014,1195.257283
Namibia,NAM,2014,4846.889574
Nauru,NRU,2014,8222.597106
Nepal,NPL,2014,853.1480502
Netherlands,NLD,2014,44521.89454
New Caledonia,NCL,2014,
New Zealand,NZL,2014,38005.28193
Nicaragua,NIC,2014,1960.702661
Niger,NER,2014,478.8551539
Nigeria,NGA,2014,2677.494122
North Macedonia,MKD,2014,4687.298498
Northern Mariana Islands,MNP,2014,16974.27842
Norway,NOR,2014,74180.32387
Oman,OMN,2014,18694.31095
Pakistan,PAK,2014,1240.489438
Palau,PLW,2014,14654.76039
Panama,PAN,2014,13155.45367
Papua New Guinea,PNG,2014,2408.108596
Paraguay,PRY,2014,5774.571488
Peru,PER,2014,6056.033297
Philippines,PHL,2014,2843.843607
Poland,POL,2014,12024.60951
Portugal,PRT,2014,18833.05183
Puerto Rico,PRI,2014,29554.62442
Qatar,QAT,2014,69723.72737
Romania,ROU,2014,8661.122756
Russian Federation,RUS,2014,9520.948242
Rwanda,RWA,2014,690.3948658
Samoa,WSM,2014,3933.416128
San Marino,SMR,2014,41558.69882
Sao Tome and Principe,STP,2014,1540.119571
Saudi Arabia,SAU,2014,19905.99484
Senegal,SEN,2014,1196.164308
Serbia,SRB,2014,5462.734775
Seychelles,SYC,2014,14617.2015
Sierra Leone,SLE,2014,748.9284173
Singapore,SGP,2014,54681.93365
Sint Maarten (Dutch part),SXM,2014,33118.75559
Slovak Republic,SVK,2014,15600.36717
Slovenia,SVN,2014,20453.83339
Solomon Islands,SLB,2014,2153.335518
Somalia,SOM,2014,348.4134631
South Africa,ZAF,2014,6252.317977
South Sudan,SSD,2014,1199.421045
Spain,ESP,2014,24783.08295
Sri Lanka,LKA,2014,3846.826244
St. Kitts and Nevis,KNA,2014,19884.32685
St. Lucia,LCA,2014,10328.1195
St. Martin (French part),MAF,2014,
St. Vincent and the Grenadines,VCT,2014,7157.670956
Sudan,SDN,2014,2253.633301
Suriname,SUR,2014,9316.20513
Sweden,SWE,2014,49855.30101
Switzerland,CHE,2014,83394.37114
Syrian Arab Republic,SYR,2014,856.2460999
Tajikistan,TJK,2014,937.0034628
Tanzania,TZA,2014,904.8098145
Thailand,THA,2014,5561.697671
Timor-Leste,TLS,2014,1309.533184
Togo,TGO,2014,737.1882362
Tonga,TON,2014,4050.992622
Trinidad and Tobago,TTO,2014,18651.09385
Tunisia,TUN,2014,3967.18319
Turkiye,TUR,2014,10430.4125
Turkmenistan,TKM,2014,5935.697157
Turks and Caicos Islands,TCA,2014,24190.68979
Tuvalu,TUV,2014,3058.914153
Uganda,UGA,2014,847.3522888
Ukraine,UKR,2014,2346.237305
United Arab Emirates,ARE,2014,39242.27531
United Kingdom,GBR,2014,44367.853
United States,USA,2014,55675.38685
Uruguay,URY,2014,16943.69127
Uzbekistan,UZB,2014,2613.748248
Vanuatu,VUT,2014,2697.773046
"Venezuela, RB",VEN,2014,
Vietnam,VNM,2014,2451.159232
Virgin Islands (U.S.),VIR,2014,34098.711
West Bank and Gaza,PSE,2014,3227.849345
"Yemen, Rep.",YEM,2014,2123.93504
Zambia,ZMB,2014,1312.014433
Zimbabwe,ZWE,2014,1412.204012
Africa Eastern and Southern,AFE,2014,1542.984773
Africa Western and Central,AFW,2014,1880.261608
Arab World,ARB,2014,6204.727419
Caribbean small states,CSS,2014,10483.35676
Central Europe and the Baltics,CEB,2014,12013.05688
Early-demographic dividend,EAR,2014,3109.611938
East Asia & Pacific,EAS,2014,9220.613892
East Asia & Pacific (excluding high income),EAP,2014,6140.48715
East Asia & Pacific (IDA & IBRD countries),TEA,2014,6209.488
Euro area,EMU,2014,33800.46102
Europe & Central Asia,ECS,2014,22210.72363
Europe & Central Asia (excluding high income),ECA,2014,7445.904394
Europe & Central Asia (IDA & IBRD countries),TEC,2014,7925.222901
European Union,EUU,2014,29863.36097
Fragile and conflict affected situations,FCS,2014,1918.577444
Heavily indebted poor countries (HIPC),HPC,2014,945.40697
High income,HIC,2014,39110.66898
IBRD only,IBD,2014,5344.59354
IDA & IBRD total,IBT,2014,4342.980409
IDA blend,IDB,2014,1896.70062
IDA only,IDX,2014,1068.776667
IDA total,IDA,2014,1346.001833
Late-demographic dividend,LTE,2014,7895.310943
Latin America & Caribbean,LCN,2014,8696.366699
Latin America & Caribbean (excluding high income),LAC,2014,8278.66315
Latin America & the Caribbean (IDA & IBRD countries),TLA,2014,8554.79845
Least developed countries: UN classification,LDC,2014,1002.947371
Low & middle income,LMY,2014,4202.252276
Low income,LIC,2014,795.0308425
Lower middle income,LMC,2014,1904.456451
Middle East & North Africa,MEA,2014,7168.655574
Middle East & North Africa (excluding high income),MNA,2014,3852.901082
Middle East & North Africa (IDA & IBRD countries),TMN,2014,3860.017042
Middle income,MIC,2014,4553.695583
North America,NAC,2014,54478.11762
Not classified,INX,2014,
OECD members,OED,2014,34984.6752
Other small states,OSS,2014,12426.31657
Pacific island small states,PSS,2014,3634.333188
Post-demographic dividend,PST,2014,39968.77078
Pre-demographic dividend,PRE,2014,1552.618723
Small states,SST,2014,11514.48628
South Asia,SAS,2014,1436.673686
South Asia (IDA & IBRD),TSA,2014,1436.673686
Sub-Saharan Africa,SSF,2014,1679.700558
Sub-Saharan Africa (excluding high income),SSA,2014,1678.496218
Sub-Saharan Africa (IDA & IBRD countries),TSS,2014,1679.700558
Upper middle income,UMC,2014,7405.397976
World,WLD,2014,9970.739832
Afghanistan,AFG,2013,608.3863319
Albania,ALB,2013,3780.699203
Algeria,DZA,2013,4057.764794
American Samoa,ASM,2013,12098.27515
Andorra,AND,2013,37597.70533
Angola,AGO,2013,3152.515808
Antigua and Barbuda,ATG,2013,14015.87931
Argentina,ARG,2013,14071.50868
Armenia,ARM,2013,3402.083858
Aruba,ABW,2013,27821.7916
Australia,AUS,2013,55727.73415
Austria,AUT,2013,44299.37818
Azerbaijan,AZE,2013,5426.096903
"Bahamas, The",BHS,2013,29425.80002
Bahrain,BHR,2013,23012.70834
Bangladesh,BGD,2013,1120.685339
Barbados,BRB,2013,16667.73838
Belarus,BLR,2013,6110.938443
Belgium,BEL,2013,39970.3175
Belize,BLZ,2013,5960.360401
Benin,BEN,2013,1020.528234
Bermuda,BMU,2013,105492.4807
Bhutan,BTN,2013,2436.859762
Bolivia,BOL,2013,2777.720532
Bosnia and Herzegovina,BIH,2013,4297.494357
Botswana,BWA,2013,6067.851147
Brazil,BRA,2013,9216.131219
British Virgin Islands,VGB,2013,
Brunei Darussalam,BRN,2013,32341.89266
Bulgaria,BGR,2013,6699.525442
Burkina Faso,BFA,2013,618.8045833
Burundi,BDI,2013,305.2908352
Cabo Verde,CPV,2013,3188.569691
Cambodia,KHM,2013,1049.994506
Cameroon,CMR,2013,1332.860004
Canada,CAN,2013,42846.2842
Cayman Islands,CYM,2013,76617.54337
Central African Republic,CAF,2013,338.1657058
Chad,TCD,2013,754.1718133
Channel Islands,CHI,2013,
Chile,CHL,2013,13318.59521
China,CHN,2013,7056.423462
Colombia,COL,2013,5899.76792
Comoros,COM,2013,1337.397725
"Congo, Dem. Rep.",COD,2013,441.0129781
"Congo, Rep.",COG,2013,2392.688749
Costa Rica,CRI,2013,10975.69637
Cote d'Ivoire,CIV,2013,1739.155195
Croatia,HRV,2013,11680.16108
Cuba,CUB,2013,7292.738255
Curacao,CUW,2013,19963.34558
Cyprus,CYP,2013,22738.48047
Czechia,CZE,2013,16593.86423
Denmark,DNK,2013,51831.79793
Djibouti,DJI,2013,2167.202457
Dominica,DMA,2013,7711.446038
Dominican Republic,DOM,2013,6120.991154
Ecuador,ECU,2013,6078.439563
"Egypt, Arab Rep.",EGY,2013,3283.74072
El Salvador,SLV,2013,3638.162797
Equatorial Guinea,GNQ,2013,11614.00295
Eritrea,ERI,2013,
Estonia,EST,2013,16553.38326
Eswatini,SWZ,2013,3521.669337
Ethiopia,ETH,2013,546.5928418
Faroe Islands,FRO,2013,49933.35157
Fiji,FJI,2013,4645.046887
Finland,FIN,2013,43044.99712
France,FRA,2013,36203.19087
French Polynesia,PYF,2013,18055.75728
Gabon,GAB,2013,6977.77027
"Gambia, The",GMB,2013,632.1971502
Georgia,GEO,2013,3738.636395
Germany,DEU,2013,40135.01583
Ghana,GHA,2013,1708.828158
Gibraltar,GIB,2013,
Greece,GRC,2013,17796.25767
Greenland,GRL,2013,43338.38501
Grenada,GRD,2013,7461.400736
Guam,GUM,2013,33822.59302
Guatemala,GTM,2013,3802.146352
Guinea,GIN,2013,738.8405929
Guinea-Bissau,GNB,2013,576.1798874
Guyana,GUY,2013,5592.756441
Haiti,HTI,2013,1387.111167
Honduras,HND,2013,2187.833433
"Hong Kong SAR, China",HKG,2013,40959.97105
Hungary,HUN,2013,11705.00925
Iceland,ISL,2013,50946.81626
India,IND,2013,1404.545338
Indonesia,IDN,2013,3086.323117
"Iran, Islamic Rep.",IRN,2013,5027.484717
Iraq,IRQ,2013,4479.470418
Ireland,IRL,2013,46698.55665
Isle of Man,IMN,2013,80380.8989
Israel,ISR,2013,35348.30685
Italy,ITA,2013,30257.62743
Jamaica,JAM,2013,5035.129286
Japan,JPN,2013,34239.88625
Jordan,JOR,2013,4732.387221
Kazakhstan,KAZ,2013,10264.29652
Kenya,KEN,2013,1420.078688
Kiribati,KIR,2013,1383.089411
"Korea, Dem. People's Rep.",PRK,2013,
"Korea, Rep.",KOR,2013,27394.65031
Kosovo,XKX,2013,3163.472734
Kuwait,KWT,2013,31082.35108
Kyrgyz Republic,KGZ,2013,1080.548092
Lao PDR,LAO,2013,1893.326627
Latvia,LVA,2013,12795.87829
Lebanon,LBN,2013,8539.566078
Lesotho,LSO,2013,1084.750998
Liberia,LBR,2013,723.9591843
Libya,LBY,2013,10666.71642
Liechtenstein,LIE,2013,
Lithuania,LTU,2013,13262.33446
Luxembourg,LUX,2013,105338.9561
"Macao SAR, China",MAC,2013,98752.30524
Madagascar,MDG,2013,450.4120852
Malawi,MWI,2013,529.8504095
Malaysia,MYS,2013,8976.531219
Maldives,MDV,2013,9286.68454
Mali,MLI,2013,677.861141
Malta,MLT,2013,22071.11919
Marshall Islands,MHL,2013,3529.437997
Mauritania,MRT,2013,1499.431839
Mauritius,MUS,2013,8859.212183
Mexico,MEX,2013,9404.61606
"Micronesia, Fed. Sts.",FSM,2013,2851.035434
Moldova,MDA,2013,2606.193066
Monaco,MCO,2013,157254.6525
Mongolia,MNG,2013,3697.601341
Montenegro,MNE,2013,6202.503789
Morocco,MAR,2013,3006.31665
Mozambique,MOZ,2013,551.1106089
Myanmar,MMR,2013,1113.927424
Namibia,NAM,2013,4648.317211
Nauru,NRU,2013,7300.760729
Nepal,NPL,2013,807.1369406
Netherlands,NLD,2013,44055.30426
New Caledonia,NCL,2013,
New Zealand,NZL,2013,37223.30664
Nicaragua,NIC,2013,1898.457516
Niger,NER,2013,466.333676
Nigeria,NGA,2013,2585.647719
North Macedonia,MKD,2013,4530.684146
Northern Mariana Islands,MNP,2013,16204.5456
Norway,NOR,2013,73515.91449
Oman,OMN,2013,19387.08277
Pakistan,PAK,2013,1201.908252
Palau,PLW,2013,13780.05461
Panama,PAN,2013,12741.38045
Papua New Guinea,PNG,2013,2177.070914
Paraguay,PRY,2013,5561.536931
Peru,PER,2013,5977.182234
Philippines,PHL,2013,2717.67978
Poland,POL,2013,11571.61485
Portugal,PRT,2013,18584.55405
Puerto Rico,PRI,2013,29426.1576
Qatar,QAT,2013,72012.54955
Romania,ROU,2013,8287.250347
Russian Federation,RUS,2013,9621.517578
Rwanda,RWA,2013,665.9365306
Samoa,WSM,2013,3943.159939
San Marino,SMR,2013,41983.42947
Sao Tome and Principe,STP,2013,1473.344656
Saudi Arabia,SAU,2013,19526.15222
Senegal,SEN,2013,1157.11513
Serbia,SRB,2013,5524.967865
Seychelles,SYC,2013,14266.58415
Sierra Leone,SLE,2013,734.3541688
Singapore,SGP,2013,53298.97286
Sint Maarten (Dutch part),SXM,2013,33563.60007
Slovak Republic,SVK,2013,15205.39558
Slovenia,SVN,2013,19922.47429
Solomon Islands,SLB,2013,2182.876895
Somalia,SOM,2013,334.7075596
South Africa,ZAF,2013,6263.104334
South Sudan,SSD,2013,1171.482379
Spain,ESP,2013,24368.96824
Sri Lanka,LKA,2013,3634.617034
St. Kitts and Nevis,KNA,2013,18491.55186
St. Lucia,LCA,2013,10241.15183
St. Martin (French part),MAF,2013,
St. Vincent and the Grenadines,VCT,2013,7041.158142
Sudan,SDN,2013,2213.840088
Suriname,SUR,2013,9386.961332
Sweden,SWE,2013,49048.81875
Switzerland,CHE,2013,82479.92154
Syrian Arab Republic,SYR,2013,891.4517857
Tajikistan,TJK,2013,898.6443162
Tanzania,TZA,2013,874.4611816
Thailand,THA,2013,5537.742376
Timor-Leste,TLS,2013,1278.595079
Togo,TGO,2013,713.822115
Tonga,TON,2013,3953.665465
Trinidad and Tobago,TTO,2013,18175.70106
Tunisia,TUN,2013,3892.075282
Turkiye,TUR,2013,10138.79696
Turkmenistan,TKM,2013,5481.156834
Turks and Caicos Islands,TCA,2013,23173.61231
Tuvalu,TUV,2013,3053.590891
Uganda,UGA,2013,830.4803694
Ukraine,UKR,2013,2466.484375
United Arab Emirates,ARE,2013,38034.9684
United Kingdom,GBR,2013,43310.02056
United States,USA,2013,54830.78407
Uruguay,URY,2013,16463.01571
Uzbekistan,UZB,2013,2487.244403
Vanuatu,VUT,2013,2679.175415
"Venezuela, RB",VEN,2013,
Vietnam,VNM,2013,2327.932657
Virgin Islands (U.S.),VIR,2013,34663.64606
West Bank and Gaza,PSE,2013,3309.631202
"Yemen, Rep.",YEM,2013,2188.617198
Zambia,ZMB,2013,1294.50077
Zimbabwe,ZWE,2013,1422.37671
Africa Eastern and Southern,AFE,2013,1524.888025
Africa Western and Central,AFW,2013,1823.838703
Arab World,ARB,2013,6194.362887
Caribbean small states,CSS,2013,10328.87748
Central Europe and the Baltics,CEB,2013,11614.62695
Early-demographic dividend,EAR,2013,3026.852316
East Asia & Pacific,EAS,2013,8867.803899
East Asia & Pacific (excluding high income),EAP,2013,5785.645245
East Asia & Pacific (IDA & IBRD countries),TEA,2013,5850.878504
Euro area,EMU,2013,33447.3699
Europe & Central Asia,ECS,2013,21901.80927
Europe & Central Asia (excluding high income),ECA,2013,7349.069066
Europe & Central Asia (IDA & IBRD countries),TEC,2013,7790.275355
European Union,EUU,2013,29467.21139
Fragile and conflict affected situations,FCS,2013,1921.798665
Heavily indebted poor countries (HIPC),HPC,2013,919.7865151
High income,HIC,2013,38526.57019
IBRD only,IBD,2013,5154.104487
IDA & IBRD total,IBT,2013,4196.667927
IDA blend,IDB,2013,1829.261391
IDA only,IDX,2013,1036.439582
IDA total,IDA,2013,1302.078285
Late-demographic dividend,LTE,2013,7555.78373
Latin America & Caribbean,LCN,2013,8667.2103
Latin America & Caribbean (excluding high income),LAC,2013,8254.660378
Latin America & the Caribbean (IDA & IBRD countries),TLA,2013,8523.542407
Least developed countries: UN classification,LDC,2013,973.1322589
Low & middle income,LMY,2013,4059.117738
Low income,LIC,2013,780.6543047
Lower middle income,LMC,2013,1830.994726
Middle East & North Africa,MEA,2013,7116.143461
Middle East & North Africa (excluding high income),MNA,2013,3863.873943
Middle East & North Africa (IDA & IBRD countries),TMN,2013,3870.163684
Middle income,MIC,2013,4393.11388
North America,NAC,2013,53643.00158
Not classified,INX,2013,
OECD members,OED,2013,34500.39295
Other small states,OSS,2013,12254.52477
Pacific island small states,PSS,2013,3546.127007
Post-demographic dividend,PST,2013,39396.10758
Pre-demographic dividend,PRE,2013,1521.239995
Small states,SST,2013,11341.4777
South Asia,SAS,2013,1360.792883
South Asia (IDA & IBRD),TSA,2013,1360.792883
Sub-Saharan Africa,SSF,2013,1646.085243
Sub-Saharan Africa (excluding high income),SSA,2013,1644.896559
Sub-Saharan Africa (IDA & IBRD countries),TSS,2013,1646.085243
Upper middle income,UMC,2013,7130.975359
World,WLD,2013,9791.488294
Afghanistan,AFG,2012,596.44244
Albania,ALB,2012,3736.340089
Algeria,DZA,2012,4025.64147
American Samoa,ASM,2012,12247.63529
Andorra,AND,2012,39174.89729
Angola,AGO,2012,3118.020183
Antigua and Barbuda,ATG,2012,14232.96959
Argentina,ARG,2012,13895.63371
Armenia,ARM,2012,3278.670451
Aruba,ABW,2012,26337.58506
Australia,AUS,2012,55269.91928
Austria,AUT,2012,44549.8817
Azerbaijan,AZE,2012,5194.921837
"Bahamas, The",BHS,2012,30577.75063
Bahrain,BHR,2012,22484.85482
Bangladesh,BGD,2012,1070.595168
Barbados,BRB,2012,16953.43554
Belarus,BLR,2012,6047.904556
Belgium,BEL,2012,39975.57364
Belize,BLZ,2012,5831.158848
Benin,BEN,2012,980.0746132
Bermuda,BMU,2012,106119.795
Bhutan,BTN,2012,2411.896385
Bolivia,BOL,2012,2643.690816
Bosnia and Herzegovina,BIH,2012,4133.903552
Botswana,BWA,2012,5566.546664
Brazil,BRA,2012,9025.312958
British Virgin Islands,VGB,2012,
Brunei Darussalam,BRN,2012,33456.26907
Bulgaria,BGR,2012,6699.687801
Burkina Faso,BFA,2012,602.7867589
Burundi,BDI,2012,301.4813192
Cabo Verde,CPV,2012,3204.601898
Cambodia,KHM,2012,992.1346004
Cameroon,CMR,2012,1305.668033
Canada,CAN,2012,42315.80739
Cayman Islands,CYM,2012,77448.50983
Central African Republic,CAF,2012,534.8835626
Chad,TCD,2012,739.3383648
Channel Islands,CHI,2012,
Chile,CHL,2012,13017.06784
China,CHN,2012,6591.66284
Colombia,COL,2012,5667.498751
Comoros,COM,2012,1307.973031
"Congo, Dem. Rep.",COD,2012,420.6293654
"Congo, Rep.",COG,2012,2468.558493
Costa Rica,CRI,2012,10832.75676
Cote d'Ivoire,CIV,2012,1602.910924
Croatia,HRV,2012,11694.19879
Cuba,CUB,2012,7105.433676
Curacao,CUW,2012,20356.18194
Cyprus,CYP,2012,24285.48633
Czechia,CZE,2012,16606.99254
Denmark,DNK,2012,51567.04015
Djibouti,DJI,2012,
Dominica,DMA,2012,7781.532762
Dominican Republic,DOM,2012,5909.863367
Ecuador,ECU,2012,5881.381167
"Egypt, Arab Rep.",EGY,2012,3288.794355
El Salvador,SLV,2012,3572.67142
Equatorial Guinea,GNQ,2012,12625.29597
Eritrea,ERI,2012,
Estonia,EST,2012,16257.4722
Eswatini,SWZ,2012,3411.719361
Ethiopia,ETH,2012,508.0657159
Faroe Islands,FRO,2012,47197.67527
Fiji,FJI,2012,4446.734555
Finland,FIN,2012,43637.24867
France,FRA,2012,36182.15113
French Polynesia,PYF,2012,18074.90319
Gabon,GAB,2012,6840.948613
"Gambia, The",GMB,2012,633.5827195
Georgia,GEO,2012,3597.137717
Germany,DEU,2012,40069.35396
Ghana,GHA,2012,1631.919509
Gibraltar,GIB,2012,
Greece,GRC,2012,18123.6711
Greenland,GRL,2012,43655.70156
Grenada,GRD,2012,7354.973603
Guam,GUM,2012,33392.68538
Guatemala,GTM,2012,3731.668472
Guinea,GIN,2012,728.3684373
Guinea-Bissau,GNB,2012,573.2171985
Guyana,GUY,2012,5420.67715
Haiti,HTI,2012,1349.68925
Honduras,HND,2012,2169.15629
"Hong Kong SAR, China",HKG,2012,39887.81273
Hungary,HUN,2012,11466.14191
Iceland,ISL,2012,49191.57442
India,IND,2012,1337.476103
Indonesia,IDN,2012,2959.514478
"Iran, Islamic Rep.",IRN,2012,5180.086027
Iraq,IRQ,2012,4360.745623
Ireland,IRL,2012,46422.52574
Isle of Man,IMN,2012,77006.49372
Israel,ISR,2012,34491.16011
Italy,ITA,2012,31184.55843
Jamaica,JAM,2012,5033.359277
Japan,JPN,2012,33518.44494
Jordan,JOR,2012,4920.865179
Kazakhstan,KAZ,2012,9823.69242
Kenya,KEN,2012,1401.49082
Kiribati,KIR,2012,1347.971023
"Korea, Dem. People's Rep.",PRK,2012,
"Korea, Rep.",KOR,2012,26675.44017
Kosovo,XKX,2012,3021.379214
Kuwait,KWT,2012,33009.0232
Kyrgyz Republic,KGZ,2012,993.7372957
Lao PDR,LAO,2012,1777.410213
Latvia,LVA,2012,12410.36526
Lebanon,LBN,2012,9019.698229
Lesotho,LSO,2012,1075.617592
Liberia,LBR,2012,680.7900122
Libya,LBY,2012,13263.48984
Liechtenstein,LIE,2012,
Lithuania,LTU,2012,12678.69269
Luxembourg,LUX,2012,104487.7442
"Macao SAR, China",MAC,2012,90787.61826
Madagascar,MDG,2012,452.2050084
Malawi,MWI,2012,516.9632079
Malaysia,MYS,2012,8711.281884
Maldives,MDV,2012,8951.006145
Mali,MLI,2012,682.2878442
Malta,MLT,2012,21221.71763
Marshall Islands,MHL,2012,3348.68111
Mauritania,MRT,2012,1481.978018
Mauritius,MUS,2012,8591.967159
Mexico,MEX,2012,9401.997684
"Micronesia, Fed. Sts.",FSM,2012,2970.265188
Moldova,MDA,2012,2389.400916
Monaco,MCO,2012,146511.88
Mongolia,MNG,2012,3374.438384
Montenegro,MNE,2012,5995.771635
Morocco,MAR,2012,2927.290527
Mozambique,MOZ,2012,531.309361
Myanmar,MMR,2012,1041.225891
Namibia,NAM,2012,4476.414411
Nauru,NRU,2012,7150.49779
Nepal,NPL,2012,781.1038725
Netherlands,NLD,2012,44242.97353
New Caledonia,NCL,2012,
New Zealand,NZL,2012,36501.18386
Nicaragua,NIC,2012,1835.949837
Niger,NER,2012,460.0322366
Nigeria,NGA,2012,2490.213614
North Macedonia,MKD,2012,4408.298421
Northern Mariana Islands,MNP,2012,15715.74335
Norway,NOR,2012,73661.67859
Oman,OMN,2012,19888.75386
Pakistan,PAK,2012,1169.123042
Palau,PLW,2012,14151.12863
Panama,PAN,2012,12130.22864
Papua New Guinea,PNG,2012,2154.100198
Paraguay,PRY,2012,5207.016511
Peru,PER,2012,5701.603888
Philippines,PHL,2012,2589.134401
Poland,POL,2012,11466.41593
Portugal,PRT,2012,18654.95753
Puerto Rico,PRI,2012,29180.41213
Qatar,QAT,2012,72870.3738
Romania,ROU,2012,8234.305287
Russian Federation,RUS,2012,9475.69043
Rwanda,RWA,2012,651.2338063
Samoa,WSM,2012,3975.018022
San Marino,SMR,2012,42510.57548
Sao Tome and Principe,STP,2012,1434.033596
Saudi Arabia,SAU,2012,19392.13983
Senegal,SEN,2012,1160.917539
Serbia,SRB,2012,5343.578825
Seychelles,SYC,2012,14352.57521
Sierra Leone,SLE,2012,622.2567682
Singapore,SGP,2012,51679.35272
Sint Maarten (Dutch part),SXM,2012,35011.96658
Slovak Republic,SVK,2012,15126.0353
Slovenia,SVN,2012,20157.00525
Solomon Islands,SLB,2012,2127.70208
Somalia,SOM,2012,
South Africa,ZAF,2012,6194.992759
South Sudan,SSD,2012,1074.654868
Spain,ESP,2012,24634.96209
Sri Lanka,LKA,2012,3512.134261
St. Kitts and Nevis,KNA,2012,17507.40764
St. Lucia,LCA,2012,10502.16002
St. Martin (French part),MAF,2012,
St. Vincent and the Grenadines,VCT,2012,6831.691501
Sudan,SDN,2012,2222.70166
Suriname,SUR,2012,9214.806996
Sweden,SWE,2012,48885.54842
Switzerland,CHE,2012,81964.88642
Syrian Arab Republic,SYR,2012,1150.189314
Tajikistan,TJK,2012,855.680087
Tanzania,TZA,2012,843.9389038
Thailand,THA,2012,5425.685227
Timor-Leste,TLS,2012,1266.144851
Togo,TGO,2012,690.1460236
Tonga,TON,2012,3926.214438
Trinidad and Tobago,TTO,2012,17629.59654
Tunisia,TUN,2012,3842.555577
Turkiye,TUR,2012,9506.966575
Turkmenistan,TKM,2012,5066.231736
Turks and Caicos Islands,TCA,2012,24009.41197
Tuvalu,TUV,2012,2943.613042
Uganda,UGA,2012,825.1218119
Ukraine,UKR,2012,2459.75708
United Arab Emirates,ARE,2012,36567.62229
United Kingdom,GBR,2012,42821.76128
United States,USA,2012,54213.45955
Uruguay,URY,2012,15780.26463
Uzbekistan,UZB,2012,2354.593643
Vanuatu,VUT,2012,2731.292703
"Venezuela, RB",VEN,2012,
Vietnam,VNM,2012,2229.320092
Virgin Islands (U.S.),VIR,2012,36938.16821
West Bank and Gaza,PSE,2012,3237.9162
"Yemen, Rep.",YEM,2012,2148.466479
Zambia,ZMB,2012,1273.161306
Zimbabwe,ZWE,2012,1408.457167
Africa Eastern and Southern,AFE,2012,1503.827572
Africa Western and Central,AFW,2012,1766.294198
Arab World,ARB,2012,6175.107982
Caribbean small states,CSS,2012,10247.27481
Central Europe and the Baltics,CEB,2012,11513.49234
Early-demographic dividend,EAR,2012,2948.046531
East Asia & Pacific,EAS,2012,8491.766073
East Asia & Pacific (excluding high income),EAP,2012,5437.486035
East Asia & Pacific (IDA & IBRD countries),TEA,2012,5499.057128
Euro area,EMU,2012,33635.24624
Europe & Central Asia,ECS,2012,21820.97362
Europe & Central Asia (excluding high income),ECA,2012,7110.698299
Europe & Central Asia (IDA & IBRD countries),TEC,2012,7576.96089
European Union,EUU,2012,29563.84536
Fragile and conflict affected situations,FCS,2012,1902.651726
Heavily indebted poor countries (HIPC),HPC,2012,896.3770786
High income,HIC,2012,38173.8489
IBRD only,IBD,2012,4950.353092
IDA & IBRD total,IBT,2012,4041.407061
IDA blend,IDB,2012,1769.693005
IDA only,IDX,2012,1009.321978
IDA total,IDA,2012,1264.162915
Late-demographic dividend,LTE,2012,7206.500489
Latin America & Caribbean,LCN,2012,8517.497114
Latin America & Caribbean (excluding high income),LAC,2012,8111.858915
Latin America & the Caribbean (IDA & IBRD countries),TLA,2012,8370.659788
Least developed countries: UN classification,LDC,2012,944.091343
Low & middle income,LMY,2012,3904.203918
Low income,LIC,2012,775.0831634
Lower middle income,LMC,2012,1773.497305
Middle East & North Africa,MEA,2012,7105.695763
Middle East & North Africa (excluding high income),MNA,2012,3923.032571
Middle East & North Africa (IDA & IBRD countries),TMN,2012,3930.775691
Middle income,MIC,2012,4219.002782
North America,NAC,2012,53038.50914
Not classified,INX,2012,
OECD members,OED,2012,34204.52794
Other small states,OSS,2012,12080.71633
Pacific island small states,PSS,2012,3475.911027
Post-demographic dividend,PST,2012,39022.54573
Pre-demographic dividend,PRE,2012,1481.170089
Small states,SST,2012,11183.85708
South Asia,SAS,2012,1300.615282
South Asia (IDA & IBRD),TSA,2012,1300.615282
Sub-Saharan Africa,SSF,2012,1610.209509
Sub-Saharan Africa (excluding high income),SSA,2012,1608.998503
Sub-Saharan Africa (IDA & IBRD countries),TSS,2012,1610.209509
Upper middle income,UMC,2012,6813.828619
World,WLD,2012,9641.619886
Afghanistan,AFG,2011,551.0006237
Albania,ALB,2011,3678.047711
Algeria,DZA,2011,3969.660263
American Samoa,ASM,2011,12656.68814
Andorra,AND,2011,41486.19948
Angola,AGO,2011,2982.665231
Antigua and Barbuda,ATG,2011,13918.59653
Argentina,ARG,2011,14200.26989
Armenia,ARM,2011,3043.262789
Aruba,ABW,2011,26829.63448
Australia,AUS,2011,54131.10471
Austria,AUT,2011,44451.00019
Azerbaijan,AZE,2011,5152.839415
"Bahamas, The",BHS,2011,29984.75473
Bahrain,BHR,2011,21906.74643
Bangladesh,BGD,2011,1017.627735
Barbados,BRB,2011,17071.05344
Belarus,BLR,2011,5938.253501
Belgium,BEL,2011,39929.09514
Belize,BLZ,2011,5742.670206
Benin,BEN,2011,962.7445897
Bermuda,BMU,2011,112471.3475
Bhutan,BTN,2011,2319.590919
Bolivia,BOL,2011,2556.830269
Bosnia and Herzegovina,BIH,2011,4091.582704
Botswana,BWA,2011,5684.219914
Brazil,BRA,2011,8935.276286
British Virgin Islands,VGB,2011,
Brunei Darussalam,BRN,2011,33577.06422
Bulgaria,BGR,2011,6611.08491
Burkina Faso,BFA,2011,583.6794771
Burundi,BDI,2011,299.0171756
Cabo Verde,CPV,2011,3208.367141
Cambodia,KHM,2011,938.0176771
Cameroon,CMR,2011,1283.567041
Canada,CAN,2011,42037.51874
Cayman Islands,CYM,2011,78393.73628
Central African Republic,CAF,2011,513.5942668
Chad,TCD,2011,703.1232151
Channel Islands,CHI,2011,
Chile,CHL,2011,12382.37946
China,CHN,2011,6152.697196
Colombia,COL,2011,5511.099853
Comoros,COM,2011,1295.204391
"Congo, Dem. Rep.",COD,2011,406.2010286
"Congo, Rep.",COG,2011,2308.423476
Costa Rica,CRI,2011,10453.52257
Cote d'Ivoire,CIV,2011,1520.342303
Croatia,HRV,2011,11936.83597
Cuba,CUB,2011,6903.94022
Curacao,CUW,2011,20539.36021
Cyprus,CYP,2011,25538.77148
Czechia,CZE,2011,16761.82731
Denmark,DNK,2011,51644.46351
Djibouti,DJI,2011,
Dominica,DMA,2011,7881.525202
Dominican Republic,DOM,2011,5827.383243
Ecuador,ECU,2011,5657.213016
"Egypt, Arab Rep.",EGY,2011,3290.761828
El Salvador,SLV,2011,3488.150015
Equatorial Guinea,GNQ,2011,12155.81878
Eritrea,ERI,2011,
Estonia,EST,2011,15692.78883
Eswatini,SWZ,2011,3254.813373
Ethiopia,ETH,2011,481.0378632
Faroe Islands,FRO,2011,44108.58146
Fiji,FJI,2011,4397.903395
Finland,FIN,2011,44466.8177
France,FRA,2011,36244.18716
French Polynesia,PYF,2011,18328.48097
Gabon,GAB,2011,6735.082879
"Gambia, The",GMB,2011,620.9482216
Georgia,GEO,2011,3356.936232
Germany,DEU,2011,39977.34171
Ghana,GHA,2011,1530.359472
Gibraltar,GIB,2011,
Greece,GRC,2011,19400.80773
Greenland,GRL,2011,42994.88017
Grenada,GRD,2011,7505.265186
Guam,GUM,2011,32841.67229
Guatemala,GTM,2011,3688.858936
Guinea,GIN,2011,704.7373238
Guinea-Bissau,GNB,2011,599.0452018
Guyana,GUY,2011,5147.172443
Haiti,HTI,2011,1363.748835
Honduras,HND,2011,2124.187516
"Hong Kong SAR, China",HKG,2011,39656.31281
Hungary,HUN,2011,11551.49893
Iceland,ISL,2011,48933.54566
India,IND,2011,1285.283027
Indonesia,IDN,2011,2826.480441
"Iran, Islamic Rep.",IRN,2011,5450.938213
Iraq,IRQ,2011,4003.052598
Ireland,IRL,2011,46622.23949
Isle of Man,IMN,2011,71754.66439
Israel,ISR,2011,34247.62328
Italy,ITA,2011,32229.45679
Jamaica,JAM,2011,5089.605885
Japan,JPN,2011,33011.13423
Jordan,JOR,2011,4872.99656
Kazakhstan,KAZ,2011,9506.732624
Kenya,KEN,2011,1374.544241
Kiribati,KIR,2011,1302.505811
"Korea, Dem. People's Rep.",PRK,2011,
"Korea, Rep.",KOR,2011,26186.89754
Kosovo,XKX,2011,2997.231248
Kuwait,KWT,2011,33427.86191
Kyrgyz Republic,KGZ,2011,1011.315399
Lao PDR,LAO,2011,1669.066415
Latvia,LVA,2011,11450.9768
Lebanon,LBN,2011,9026.471723
Lesotho,LSO,2011,1019.997886
Liberia,LBR,2011,653.1018707
Libya,LBY,2011,6734.225696
Liechtenstein,LIE,2011,
Lithuania,LTU,2011,12046.72139
Luxembourg,LUX,2011,105290.249
"Macao SAR, China",MAC,2011,84818.74039
Madagascar,MDG,2011,451.1275046
Malawi,MWI,2011,521.8997965
Malaysia,MYS,2011,8393.949518
Maldives,MDV,2011,9036.651162
Mali,MLI,2011,708.4186725
Malta,MLT,2011,20566.34768
Marshall Islands,MHL,2011,3343.350135
Mauritania,MRT,2011,1463.594937
Mauritius,MUS,2011,8324.783283
Mexico,MEX,2011,9199.16538
"Micronesia, Fed. Sts.",FSM,2011,3036.448494
Moldova,MDA,2011,2403.260539
Monaco,MCO,2011,148269.7638
Mongolia,MNG,2011,3057.317255
Montenegro,MNE,2011,6168.845489
Morocco,MAR,2011,2879.944092
Mozambique,MOZ,2011,510.5147339
Myanmar,MMR,2011,986.1270977
Namibia,NAM,2011,4330.944086
Nauru,NRU,2011,5529.367234
Nepal,NPL,2011,748.0124942
Netherlands,NLD,2011,44869.31294
New Caledonia,NCL,2011,
New Zealand,NZL,2011,35886.13726
Nicaragua,NIC,2011,1749.506512
Niger,NER,2011,432.2975623
Nigeria,NGA,2011,2455.74699
North Macedonia,MKD,2011,4433.889462
Northern Mariana Islands,MNP,2011,15541.55416
Norway,NOR,2011,72660.67541
Oman,OMN,2011,20142.15705
Pakistan,PAK,2011,1150.002717
Palau,PLW,2011,13693.98947
Panama,PAN,2011,11248.00342
Papua New Guinea,PNG,2011,2116.224714
Paraguay,PRY,2011,5315.382875
Peru,PER,2011,5421.333837
Philippines,PHL,2011,2464.684351
Poland,POL,2011,11291.90359
Portugal,PRT,2011,19365.18165
Puerto Rico,PRI,2011,28821.0228
Qatar,QAT,2011,73493.26895
Romania,ROU,2011,8042.904089
Russian Federation,RUS,2011,9124.474609
Rwanda,RWA,2011,614.3616031
Samoa,WSM,2011,4166.407173
San Marino,SMR,2011,46628.6847
Sao Tome and Principe,STP,2011,1419.345276
Saudi Arabia,SAU,2011,18802.93781
Senegal,SEN,2011,1147.092961
Serbia,SRB,2011,5354.200429
Seychelles,SYC,2011,14056.80207
Sierra Leone,SLE,2011,554.5386429
Singapore,SGP,2011,50713.53264
Sint Maarten (Dutch part),SXM,2011,35776.31423
Slovak Republic,SVK,2011,14954.57798
Slovenia,SVN,2011,20746.98841
Solomon Islands,SLB,2011,2129.032118
Somalia,SOM,2011,
South Africa,ZAF,2011,6130.971367
South Sudan,SSD,2011,2082.359964
Spain,ESP,2011,25402.60507
Sri Lanka,LKA,2011,3257.447445
St. Kitts and Nevis,KNA,2011,17653.94608
St. Lucia,LCA,2011,10573.53136
St. Martin (French part),MAF,2011,
St. Vincent and the Grenadines,VCT,2011,6714.229294
Sudan,SDN,2011,2381.357422
Suriname,SUR,2011,9070.333641
Sweden,SWE,2011,49539.97261
Switzerland,CHE,2011,81874.33619
Syrian Arab Republic,SYR,2011,1552.865976
Tajikistan,TJK,2011,813.5234386
Tanzania,TZA,2011,831.3903198
Thailand,THA,2011,5091.958066
Timor-Leste,TLS,2011,1234.275594
Togo,TGO,2011,664.8412907
Tonga,TON,2011,3890.217064
Trinidad and Tobago,TTO,2011,16657.12325
Tunisia,TUN,2011,3734.491283
Turkiye,TUR,2011,9207.513495
Turkmenistan,TKM,2011,4643.316541
Turks and Caicos Islands,TCA,2011,25240.41319
Tuvalu,TUV,2011,3050.89165
Uganda,UGA,2011,817.9584505
Ukraine,UKR,2011,2449.958008
United Arab Emirates,ARE,2011,35265.8874
United Kingdom,GBR,2011,42504.89635
United States,USA,2011,53394.86184
Uruguay,URY,2011,15284.06347
Uzbekistan,UZB,2011,2231.052713
Vanuatu,VUT,2011,2768.747027
"Venezuela, RB",VEN,2011,
Vietnam,VNM,2011,2135.782152
Virgin Islands (U.S.),VIR,2011,43320.17677
West Bank and Gaza,PSE,2011,3128.108111
"Yemen, Rep.",YEM,2011,2159.845146
Zambia,ZMB,2011,1222.979058
Zimbabwe,ZWE,2011,1239.241793
Africa Eastern and Southern,AFE,2011,1532.092118
Africa Western and Central,AFW,2011,1727.239361
Arab World,ARB,2011,5999.803478
Caribbean small states,CSS,2011,9993.623924
Central Europe and the Baltics,CEB,2011,11393.12056
Early-demographic dividend,EAR,2011,2869.823271
East Asia & Pacific,EAS,2011,8138.048198
East Asia & Pacific (excluding high income),EAP,2011,5097.852158
East Asia & Pacific (IDA & IBRD countries),TEA,2011,5155.853745
Euro area,EMU,2011,33995.71278
Europe & Central Asia,ECS,2011,21829.30653
Europe & Central Asia (excluding high income),ECA,2011,6878.243526
Europe & Central Asia (IDA & IBRD countries),TEC,2011,7358.48571
European Union,EUU,2011,29816.15115
Fragile and conflict affected situations,FCS,2011,1859.015525
Heavily indebted poor countries (HIPC),HPC,2011,898.5895253
High income,HIC,2011,37850.58469
IBRD only,IBD,2011,4744.162793
IDA & IBRD total,IBT,2011,3891.515857
IDA blend,IDB,2011,1730.80195
IDA only,IDX,2011,1015.239204
IDA total,IDA,2011,1255.051486
Late-demographic dividend,LTE,2011,6855.610956
Latin America & Caribbean,LCN,2011,8396.405328
Latin America & Caribbean (excluding high income),LAC,2011,8012.763703
Latin America & the Caribbean (IDA & IBRD countries),TLA,2011,8248.271739
Least developed countries: UN classification,LDC,2011,946.7894412
Low & middle income,LMY,2011,3756.531226
Low income,LIC,2011,834.6106775
Lower middle income,LMC,2011,1728.607322
Middle East & North Africa,MEA,2011,6946.375282
Middle East & North Africa (excluding high income),MNA,2011,3853.671882
Middle East & North Africa (IDA & IBRD countries),TMN,2011,3861.820727
Middle income,MIC,2011,4046.586355
North America,NAC,2011,52278.66701
Not classified,INX,2011,
OECD members,OED,2011,33946.56542
Other small states,OSS,2011,11918.02911
Pacific island small states,PSS,2011,3477.576496
Post-demographic dividend,PST,2011,38701.92299
Pre-demographic dividend,PRE,2011,1474.124506
Small states,SST,2011,11007.32275
South Asia,SAS,2011,1250.610711
South Asia (IDA & IBRD),TSA,2011,1250.610711
Sub-Saharan Africa,SSF,2011,1611.063696
Sub-Saharan Africa (excluding high income),SSA,2011,1609.859997
Sub-Saharan Africa (IDA & IBRD countries),TSS,2011,1611.063696
Upper middle income,UMC,2011,6488.353978
World,WLD,2011,9503.641584
