Country Name,Country Code,Year,Govt. Health Expenditure
Afghanistan,AFG,2016,0.60012972
Albania,ALB,2016,2.80370712
Algeria,DZA,2016,4.47245169
American Samoa,ASM,2016,
Andorra,AND,2016,5.07095957
Angola,AGO,2016,1.19753695
Antigua and Barbuda,ATG,2016,2.86057758
Argentina,ARG,2016,5.59118652
Armenia,ARM,2016,1.63734329
Aruba,ABW,2016,
Australia,AUS,2016,7.17459917
Austria,AUT,2016,7.49085999
Azerbaijan,AZE,2016,1.16339755
"Bahamas, The",BHS,2016,2.72011185
Bahrain,BHR,2016,2.98268986
Bangladesh,BGD,2016,0.56968528
Barbados,BRB,2016,3.15078282
Belarus,BLR,2016,4.19298792
Belgium,BEL,2016,8.30200672
Belize,BLZ,2016,4.17639303
Benin,BEN,2016,0.57491308
Bermuda,BMU,2016,
Bhutan,BTN,2016,2.6446631
Bolivia,BOL,2016,4.4294467
Bosnia and Herzegovina,BIH,2016,6.55783081
Botswana,BWA,2016,3.83726597
Brazil,BRA,2016,3.94843698
British Virgin Islands,VGB,2016,
Brunei Darussalam,BRN,2016,2.42138696
Bulgaria,BGR,2016,4.11103821
Burkina Faso,BFA,2016,2.38683128
Burundi,BDI,2016,2.34577584
Cabo Verde,CPV,2016,3.08039069
Cambodia,KHM,2016,1.33381462
Cameroon,CMR,2016,0.36593071
Canada,CAN,2016,7.68809605
Cayman Islands,CYM,2016,
Central African Republic,CAF,2016,0.59953427
Chad,TCD,2016,0.82245749
Channel Islands,CHI,2016,
Chile,CHL,2016,4.22976255
China,CHN,2016,2.89319348
Colombia,COL,2016,5.29663372
Comoros,COM,2016,0.57399994
"Congo, Dem. Rep.",COD,2016,0.55122471
"Congo, Rep.",COG,2016,1.20435822
Costa Rica,CRI,2016,5.36528826
Cote d'Ivoire,CIV,2016,0.86090869
Croatia,HRV,2016,5.58271697
Cuba,CUB,2016,10.94801617
Curacao,CUW,2016,
Cyprus,CYP,2016,2.80833411
Czechia,CZE,2016,5.81872368
Denmark,DNK,2016,8.6299839
Djibouti,DJI,2016,1.32228565
Dominica,DMA,2016,3.33051729
Dominican Republic,DOM,2016,2.66466618
Ecuador,ECU,2016,4.41607189
"Egypt, Arab Rep.",EGY,2016,1.65568376
El Salvador,SLV,2016,4.84736443
Equatorial Guinea,GNQ,2016,0.69449306
Eritrea,ERI,2016,0.73348004
Estonia,EST,2016,4.98726511
Eswatini,SWZ,2016,2.84598303
Ethiopia,ETH,2016,0.90002954
Faroe Islands,FRO,2016,
Fiji,FJI,2016,2.09586525
Finland,FIN,2016,7.29918003
France,FRA,2016,8.61525917
French Polynesia,PYF,2016,
Gabon,GAB,2016,2.01055074
"Gambia, The",GMB,2016,1.2897681
Georgia,GEO,2016,2.93001461
Germany,DEU,2016,8.68167686
Ghana,GHA,2016,1.3003906
Gibraltar,GIB,2016,
Greece,GRC,2016,4.34255171
Greenland,GRL,2016,
Grenada,GRD,2016,1.76571214
Guam,GUM,2016,
Guatemala,GTM,2016,2.28762269
Guinea,GIN,2016,0.66374409
Guinea-Bissau,GNB,2016,0.48464295
Guyana,GUY,2016,2.5319159
Haiti,HTI,2016,0.52977306
Honduras,HND,2016,3.09310865
"Hong Kong SAR, China",HKG,2016,
Hungary,HUN,2016,4.73053265
Iceland,ISL,2016,6.59988403
India,IND,2016,0.94049966
Indonesia,IDN,2016,1.37558317
"Iran, Islamic Rep.",IRN,2016,3.59073091
Iraq,IRQ,2016,0.71533513
Ireland,IRL,2016,5.414505
Isle of Man,IMN,2016,
Israel,ISR,2016,4.53602934
Italy,ITA,2016,6.49173594
Jamaica,JAM,2016,3.62554812
Japan,JPN,2016,8.95745564
Jordan,JOR,2016,3.47255588
Kazakhstan,KAZ,2016,2.04025173
Kenya,KEN,2016,2.03529072
Kiribati,KIR,2016,7.41374016
"Korea, Dem. People's Rep.",PRK,2016,
"Korea, Rep.",KOR,2016,3.97724867
Kosovo,XKX,2016,
Kuwait,KWT,2016,4.03627825
Kyrgyz Republic,KGZ,2016,2.49723411
Lao PDR,LAO,2016,0.76494843
Latvia,LVA,2016,3.42512989
Lebanon,LBN,2016,3.65501738
Lesotho,LSO,2016,5.07786608
Liberia,LBR,2016,1.39315951
Libya,LBY,2016,
Liechtenstein,LIE,2016,
Lithuania,LTU,2016,4.36463356
Luxembourg,LUX,2016,4.28179646
"Macao SAR, China",MAC,2016,
Madagascar,MDG,2016,2.37194586
Malawi,MWI,2016,1.91101837
Malaysia,MYS,2016,1.88870478
Maldives,MDV,2016,7.42592859
Mali,MLI,2016,1.20876825
Malta,MLT,2016,5.6511178
Marshall Islands,MHL,2016,6.95125341
Mauritania,MRT,2016,1.19934916
Mauritius,MUS,2016,2.5174036
Mexico,MEX,2016,2.84779787
"Micronesia, Fed. Sts.",FSM,2016,3.48056126
Moldova,MDA,2016,3.67679572
Monaco,MCO,2016,1.39201593
Mongolia,MNG,2016,2.51025772
Montenegro,MNE,2016,5.18993425
Morocco,MAR,2016,2.16552782
Mozambique,MOZ,2016,1.74219394
Myanmar,MMR,2016,0.71513724
Namibia,NAM,2016,4.37176323
Nauru,NRU,2016,9.65462017
Nepal,NPL,2016,1.00771654
Netherlands,NLD,2016,6.74071789
New Caledonia,NCL,2016,
New Zealand,NZL,2016,6.8915782
Nicaragua,NIC,2016,4.65122414
Niger,NER,2016,1.10086405
Nigeria,NGA,2016,0.47496933
North Macedonia,MKD,2016,4.0607338
Northern Mariana Islands,MNP,2016,
Norway,NOR,2016,9.04278946
Oman,OMN,2016,4.30561399
Pakistan,PAK,2016,0.70145196
Palau,PLW,2016,6.31673717
Panama,PAN,2016,4.4892478
Papua New Guinea,PNG,2016,1.67796266
Paraguay,PRY,2016,3.14797997
Peru,PER,2016,3.07695246
Philippines,PHL,2016,1.47373402
Poland,POL,2016,4.49653816
Portugal,PRT,2016,5.78449821
Puerto Rico,PRI,2016,
Qatar,QAT,2016,3.04590583
Romania,ROU,2016,3.91185784
Russian Federation,RUS,2016,3.01248789
Rwanda,RWA,2016,2.23370934
Samoa,WSM,2016,4.01764345
San Marino,SMR,2016,7.53124285
Sao Tome and Principe,STP,2016,2.59254098
Saudi Arabia,SAU,2016,4.48537636
Senegal,SEN,2016,1.06801915
Serbia,SRB,2016,4.87050915
Seychelles,SYC,2016,3.43058586
Sierra Leone,SLE,2016,1.84639025
Singapore,SGP,2016,2.078861
Sint Maarten (Dutch part),SXM,2016,
Slovak Republic,SVK,2016,5.68801165
Slovenia,SVN,2016,6.11774063
Solomon Islands,SLB,2016,3.1560142
Somalia,SOM,2016,
South Africa,ZAF,2016,4.57297277
South Sudan,SSD,2016,
Spain,ESP,2016,6.40544844
Sri Lanka,LKA,2016,1.66631913
St. Kitts and Nevis,KNA,2016,2.17601013
St. Lucia,LCA,2016,1.9628458
St. Martin (French part),MAF,2016,
St. Vincent and the Grenadines,VCT,2016,2.58590031
Sudan,SDN,2016,1.28986812
Suriname,SUR,2016,3.71001315
Sweden,SWE,2016,9.14448833
Switzerland,CHE,2016,3.50250435
Syrian Arab Republic,SYR,2016,
Tajikistan,TJK,2016,1.98977911
Tanzania,TZA,2016,1.61013722
Thailand,THA,2016,2.85139871
Timor-Leste,TLS,2016,3.42337966
Togo,TGO,2016,0.98174191
Tonga,TON,2016,2.98697019
Trinidad and Tobago,TTO,2016,3.42629886
Tunisia,TUN,2016,3.43584943
Turkiye,TUR,2016,3.36101246
Turkmenistan,TKM,2016,1.06736445
Turks and Caicos Islands,TCA,2016,
Tuvalu,TUV,2016,10.210186
Uganda,UGA,2016,0.77783573
Ukraine,UKR,2016,3.63903141
United Arab Emirates,ARE,2016,2.49996734
United Kingdom,GBR,2016,7.84041071
United States,USA,2016,8.58745289
Uruguay,URY,2016,6.03166533
Uzbekistan,UZB,2016,2.05541873
Vanuatu,VUT,2016,1.32797575
"Venezuela, RB",VEN,2016,1.85235131
Vietnam,VNM,2016,2.14321518
Virgin Islands (U.S.),VIR,2016,
West Bank and Gaza,PSE,2016,
"Yemen, Rep.",YEM,2016,
Zambia,ZMB,2016,1.71430743
Zimbabwe,ZWE,2016,1.58191299
Africa Eastern and Southern,AFE,2016,2.67644908
Africa Western and Central,AFW,2016,0.726834352
Arab World,ARB,2016,3.088652602
Caribbean small states,CSS,2016,3.207857802
Central Europe and the Baltics,CEB,2016,4.779987723
Early-demographic dividend,EAR,2016,2.518525466
East Asia & Pacific,EAS,2016,4.497870853
East Asia & Pacific (excluding high income),EAP,2016,2.701583044
East Asia & Pacific (IDA & IBRD countries),TEA,2016,2.701632932
Euro area,EMU,2016,7.57574427
Europe & Central Asia,ECS,2016,6.801536322
Europe & Central Asia (excluding high income),ECA,2016,3.104285022
Europe & Central Asia (IDA & IBRD countries),TEC,2016,3.372725381
European Union,EUU,2016,7.43250977
Fragile and conflict affected situations,FCS,2016,1.122068088
Heavily indebted poor countries (HIPC),HPC,2016,1.419646013
High income,HIC,2016,7.722253182
IBRD only,IBD,2016,2.90040302
IDA & IBRD total,IBT,2016,2.758313176
IDA blend,IDB,2016,0.884842695
IDA only,IDX,2016,1.178926296
IDA total,IDA,2016,1.043761731
Late-demographic dividend,LTE,2016,3.156362759
Latin America & Caribbean,LCN,2016,4.076795966
Latin America & Caribbean (excluding high income),LAC,2016,4.048110422
Latin America & the Caribbean (IDA & IBRD countries),TLA,2016,3.949437316
Least developed countries: UN classification,LDC,2016,0.998849879
Low & middle income,LMY,2016,2.717167979
Low income,LIC,2016,1.168294631
Lower middle income,LMC,2016,1.520226559
Middle East & North Africa,MEA,2016,3.386912851
Middle East & North Africa (excluding high income),MNA,2016,2.745974647
Middle East & North Africa (IDA & IBRD countries),TMN,2016,2.745974647
Middle income,MIC,2016,2.738860417
North America,NAC,2016,8.519500294
Not classified,INX,2016,
OECD members,OED,2016,7.70353843
Other small states,OSS,2016,3.43253963
Pacific island small states,PSS,2016,2.893160307
Post-demographic dividend,PST,2016,7.966148137
Pre-demographic dividend,PRE,2016,0.917383933
Small states,SST,2016,3.38539418
South Asia,SAS,2016,0.913313794
South Asia (IDA & IBRD),TSA,2016,0.913313794
Sub-Saharan Africa,SSF,2016,1.814981479
Sub-Saharan Africa (excluding high income),SSA,2016,1.813473603
Sub-Saharan Africa (IDA & IBRD countries),TSS,2016,1.814981479
Upper middle income,UMC,2016,3.097081844
World,WLD,2016,5.935376201
Afghanistan,AFG,2015,0.52267277
Albania,ALB,2015,2.731354
Algeria,DZA,2015,4.9170022
American Samoa,ASM,2015,
Andorra,AND,2015,5.08250427
Angola,AGO,2015,1.23424065
Antigua and Barbuda,ATG,2015,3.15658259
Argentina,ARG,2015,6.82437325
Armenia,ARM,2015,1.61020839
Aruba,ABW,2015,
Australia,AUS,2015,7.23406696
Austria,AUT,2015,7.51185322
Azerbaijan,AZE,2015,1.30261827
"Bahamas, The",BHS,2015,2.28325391
Bahrain,BHR,2015,3.23580289
Bangladesh,BGD,2015,0.46532738
Barbados,BRB,2015,3.2003293
Belarus,BLR,2015,3.68674207
Belgium,BEL,2015,8.26213646
Belize,BLZ,2015,4.00970364
Benin,BEN,2015,0.58544809
Bermuda,BMU,2015,
Bhutan,BTN,2015,2.78964067
Bolivia,BOL,2015,4.30645275
Bosnia and Herzegovina,BIH,2015,6.47305202
Botswana,BWA,2015,4.13518047
Brazil,BRA,2015,3.85384917
British Virgin Islands,VGB,2015,
Brunei Darussalam,BRN,2015,2.26836538
Bulgaria,BGR,2015,4.13153267
Burkina Faso,BFA,2015,1.45618761
Burundi,BDI,2015,2.4195447
Cabo Verde,CPV,2015,3.17430472
Cambodia,KHM,2015,1.34465146
Cameroon,CMR,2015,0.36383638
Canada,CAN,2015,7.59109926
Cayman Islands,CYM,2015,
Central African Republic,CAF,2015,0.45585203
Chad,TCD,2015,0.96198386
Channel Islands,CHI,2015,
Chile,CHL,2015,3.98668075
China,CHN,2015,2.97190666
Colombia,COL,2015,5.32889223
Comoros,COM,2015,0.46612623
"Congo, Dem. Rep.",COD,2015,0.66200727
"Congo, Rep.",COG,2015,1.11883152
Costa Rica,CRI,2015,5.51982594
Cote d'Ivoire,CIV,2015,0.80445981
Croatia,HRV,2015,5.56926459
Cuba,CUB,2015,11.57496357
Curacao,CUW,2015,
Cyprus,CYP,2015,2.86666012
Czechia,CZE,2015,5.91782522
Denmark,DNK,2015,8.7154789
Djibouti,DJI,2015,1.69297981
Dominica,DMA,2015,3.25268769
Dominican Republic,DOM,2015,2.36797523
Ecuador,ECU,2015,4.31252193
"Egypt, Arab Rep.",EGY,2015,1.66732967
El Salvador,SLV,2015,4.80888462
Equatorial Guinea,GNQ,2015,0.55440164
Eritrea,ERI,2015,0.74046409
Estonia,EST,2015,4.94316053
Eswatini,SWZ,2015,2.94745016
Ethiopia,ETH,2015,0.96540898
Faroe Islands,FRO,2015,
Fiji,FJI,2015,2.09847856
Finland,FIN,2015,7.577631
France,FRA,2015,8.26771069
French Polynesia,PYF,2015,
Gabon,GAB,2015,1.56549394
"Gambia, The",GMB,2015,0.99829203
Georgia,GEO,2015,2.64034176
Germany,DEU,2015,8.60692406
Ghana,GHA,2015,1.5937742
Gibraltar,GIB,2015,
Greece,GRC,2015,4.73999214
Greenland,GRL,2015,
Grenada,GRD,2015,1.93493712
Guam,GUM,2015,
Guatemala,GTM,2015,2.27820134
Guinea,GIN,2015,0.42931107
Guinea-Bissau,GNB,2015,0.53779858
Guyana,GUY,2015,2.35677791
Haiti,HTI,2015,0.56089777
Honduras,HND,2015,2.94796515
"Hong Kong SAR, China",HKG,2015,
Hungary,HUN,2015,4.64467621
Iceland,ISL,2015,6.52118731
India,IND,2015,0.92193186
Indonesia,IDN,2015,1.15799773
"Iran, Islamic Rep.",IRN,2015,3.68885517
Iraq,IRQ,2015,0.73074311
Ireland,IRL,2015,5.26927996
Isle of Man,IMN,2015,
Israel,ISR,2015,4.50274849
Italy,ITA,2015,6.59266424
Jamaica,JAM,2015,3.55884409
Japan,JPN,2015,9.03866768
Jordan,JOR,2015,3.99459696
Kazakhstan,KAZ,2015,1.91990709
Kenya,KEN,2015,1.92388499
Kiribati,KIR,2015,6.83700418
"Korea, Dem. People's Rep.",PRK,2015,
"Korea, Rep.",KOR,2015,3.81570315
Kosovo,XKX,2015,
Kuwait,KWT,2015,3.57679915
Kyrgyz Republic,KGZ,2015,2.71162796
Lao PDR,LAO,2015,0.86391306
Latvia,LVA,2015,3.31676984
Lebanon,LBN,2015,3.31204677
Lesotho,LSO,2015,5.3127594
Liberia,LBR,2015,1.20535016
Libya,LBY,2015,
Liechtenstein,LIE,2015,
Lithuania,LTU,2015,4.28938293
Luxembourg,LUX,2015,4.29385996
"Macao SAR, China",MAC,2015,
Madagascar,MDG,2015,1.99010992
Malawi,MWI,2015,1.89914215
Malaysia,MYS,2015,2.03347373
Maldives,MDV,2015,6.2659812
Mali,MLI,2015,0.91927379
Malta,MLT,2015,5.41260624
Marshall Islands,MHL,2015,6.47802925
Mauritania,MRT,2015,1.41883922
Mauritius,MUS,2015,2.37549067
Mexico,MEX,2015,2.98734331
"Micronesia, Fed. Sts.",FSM,2015,3.21473765
Moldova,MDA,2015,3.89704299
Monaco,MCO,2015,1.64066243
Mongolia,MNG,2015,2.4089644
Montenegro,MNE,2015,5.39562225
Morocco,MAR,2015,2.16306591
Mozambique,MOZ,2015,1.81552148
Myanmar,MMR,2015,1.2047013
Namibia,NAM,2015,4.21268463
Nauru,NRU,2015,8.27350807
Nepal,NPL,2015,0.90927744
Netherlands,NLD,2015,6.81934118
New Caledonia,NCL,2015,
New Zealand,NZL,2015,6.93415546
Nicaragua,NIC,2015,4.46586037
Niger,NER,2015,1.11163116
Nigeria,NGA,2015,0.58907843
North Macedonia,MKD,2015,4.11930132
Northern Mariana Islands,MNP,2015,
Norway,NOR,2015,8.66388416
Oman,OMN,2015,4.20194578
Pakistan,PAK,2015,0.67638048
Palau,PLW,2015,3.81564617
Panama,PAN,2015,4.36895657
Papua New Guinea,PNG,2015,1.37782788
Paraguay,PRY,2015,3.1565783
Peru,PER,2015,3.03265738
Philippines,PHL,2015,1.46860588
Poland,POL,2015,4.43370008
Portugal,PRT,2015,5.74543333
Puerto Rico,PRI,2015,
Qatar,QAT,2015,3.19502282
Romania,ROU,2015,3.85599756
Russian Federation,RUS,2015,3.10975885
Rwanda,RWA,2015,2.10574889
Samoa,WSM,2015,4.57855034
San Marino,SMR,2015,7.40344763
Sao Tome and Principe,STP,2015,1.68867922
Saudi Arabia,SAU,2015,4.10729408
Senegal,SEN,2015,1.07820702
Serbia,SRB,2015,5.08387613
Seychelles,SYC,2015,3.15717173
Sierra Leone,SLE,2015,1.64069057
Singapore,SGP,2015,1.96816146
Sint Maarten (Dutch part),SXM,2015,
Slovak Republic,SVK,2015,5.34042168
Slovenia,SVN,2015,6.06387234
Solomon Islands,SLB,2015,3.07115769
Somalia,SOM,2015,
South Africa,ZAF,2015,4.59632444
South Sudan,SSD,2015,
Spain,ESP,2015,6.50859737
Sri Lanka,LKA,2015,1.7099427
St. Kitts and Nevis,KNA,2015,1.93635416
St. Lucia,LCA,2015,1.98947001
St. Martin (French part),MAF,2015,
St. Vincent and the Grenadines,VCT,2015,2.52539754
Sudan,SDN,2015,2.26325226
Suriname,SUR,2015,3.16422224
Sweden,SWE,2015,9.07129955
Switzerland,CHE,2015,3.50238061
Syrian Arab Republic,SYR,2015,
Tajikistan,TJK,2015,2.04495692
Tanzania,TZA,2015,1.25726104
Thailand,THA,2015,2.74870157
Timor-Leste,TLS,2015,4.40652466
Togo,TGO,2015,0.9431653
Tonga,TON,2015,2.76515222
Trinidad and Tobago,TTO,2015,3.10025597
Tunisia,TUN,2015,3.37170172
Turkiye,TUR,2015,3.21666884
Turkmenistan,TKM,2015,1.225456
Turks and Caicos Islands,TCA,2015,
Tuvalu,TUV,2015,10.14206505
Uganda,UGA,2015,0.7692818
Ukraine,UKR,2015,3.68104887
United Arab Emirates,ARE,2015,2.55334687
United Kingdom,GBR,2015,7.84124422
United States,USA,2015,8.46681786
Uruguay,URY,2015,5.6722436
Uzbekistan,UZB,2015,2.35756874
Vanuatu,VUT,2015,2.09905958
"Venezuela, RB",VEN,2015,1.96749449
Vietnam,VNM,2015,1.90878165
Virgin Islands (U.S.),VIR,2015,
West Bank and Gaza,PSE,2015,
"Yemen, Rep.",YEM,2015,0.4330447
Zambia,ZMB,2015,2.0905416
Zimbabwe,ZWE,2015,1.55090201
Africa Eastern and Southern,AFE,2015,2.793230029
Africa Western and Central,AFW,2015,0.74716409
Arab World,ARB,2015,3.027502014
Caribbean small states,CSS,2015,2.994553963
Central Europe and the Baltics,CEB,2015,4.720612335
Early-demographic dividend,EAR,2015,2.626802787
East Asia & Pacific,EAS,2015,4.466255173
East Asia & Pacific (excluding high income),EAP,2015,2.756997081
East Asia & Pacific (IDA & IBRD countries),TEA,2015,2.757032253
Euro area,EMU,2015,7.515635963
Europe & Central Asia,ECS,2015,6.728590229
Europe & Central Asia (excluding high income),ECA,2015,3.076048067
Europe & Central Asia (IDA & IBRD countries),TEC,2015,3.328180036
European Union,EUU,2015,7.375219866
Fragile and conflict affected situations,FCS,2015,1.161631736
Heavily indebted poor countries (HIPC),HPC,2015,1.510638961
High income,HIC,2015,7.629935673
IBRD only,IBD,2015,2.969692025
IDA & IBRD total,IBT,2015,2.826237999
IDA blend,IDB,2015,0.912848725
IDA only,IDX,2015,1.255030498
IDA total,IDA,2015,1.089434564
Late-demographic dividend,LTE,2015,3.183944571
Latin America & Caribbean,LCN,2015,4.191698468
Latin America & Caribbean (excluding high income),LAC,2015,4.196571601
Latin America & the Caribbean (IDA & IBRD countries),TLA,2015,4.065801705
Least developed countries: UN classification,LDC,2015,1.088858958
Low & middle income,LMY,2015,2.793787357
Low income,LIC,2015,1.265044384
Lower middle income,LMC,2015,1.537782513
Middle East & North Africa,MEA,2015,3.292441501
Middle East & North Africa (excluding high income),MNA,2015,2.741480194
Middle East & North Africa (IDA & IBRD countries),TMN,2015,2.741480194
Middle income,MIC,2015,2.816766674
North America,NAC,2015,8.397845732
Not classified,INX,2015,
OECD members,OED,2015,7.610204466
Other small states,OSS,2015,3.415717006
Pacific island small states,PSS,2015,2.85737361
Post-demographic dividend,PST,2015,7.883759955
Pre-demographic dividend,PRE,2015,0.96909411
Small states,SST,2015,3.334736396
South Asia,SAS,2015,0.895680052
South Asia (IDA & IBRD),TSA,2015,0.895680052
Sub-Saharan Africa,SSF,2015,1.854461306
Sub-Saharan Africa (excluding high income),SSA,2015,1.85337842
Sub-Saharan Africa (IDA & IBRD countries),TSS,2015,1.854461306
Upper middle income,UMC,2015,3.174298711
World,WLD,2015,5.888642502
Afghanistan,AFG,2014,0.47265697
Albania,ALB,2014,2.5936265
Algeria,DZA,2014,4.71454287
American Samoa,ASM,2014,
Andorra,AND,2014,4.86459827
Angola,AGO,2014,1.31816018
Antigua and Barbuda,ATG,2014,3.47427654
Argentina,ARG,2014,6.3273077
Armenia,ARM,2014,1.50548005
Aruba,ABW,2014,
Australia,AUS,2014,6.90871811
Austria,AUT,2014,7.51863861
Azerbaijan,AZE,2014,1.12798095
"Bahamas, The",BHS,2014,2.49743128
Bahrain,BHR,2014,2.86725354
Bangladesh,BGD,2014,0.50557047
Barbados,BRB,2014,3.28546762
Belarus,BLR,2014,3.37288022
Belgium,BEL,2014,8.0758276
Belize,BLZ,2014,3.87131286
Benin,BEN,2014,0.57532829
Bermuda,BMU,2014,
Bhutan,BTN,2014,2.45531821
Bolivia,BOL,2014,3.69240737
Bosnia and Herzegovina,BIH,2014,6.67786932
Botswana,BWA,2014,3.99039125
Brazil,BRA,2014,3.69886398
British Virgin Islands,VGB,2014,
Brunei Darussalam,BRN,2014,1.77395678
Bulgaria,BGR,2014,4.47436905
Burkina Faso,BFA,2014,1.62685239
Burundi,BDI,2014,2.78679872
Cabo Verde,CPV,2014,3.04348063
Cambodia,KHM,2014,1.23977196
Cameroon,CMR,2014,0.58977377
Canada,CAN,2014,7.24133968
Cayman Islands,CYM,2014,
Central African Republic,CAF,2014,0.71106249
Chad,TCD,2014,1.21946907
Channel Islands,CHI,2014,
Chile,CHL,2014,3.72688317
China,CHN,2014,2.79103708
Colombia,COL,2014,5.05892658
Comoros,COM,2014,0.55491424
"Congo, Dem. Rep.",COD,2014,0.55080944
"Congo, Rep.",COG,2014,0.94694966
Costa Rica,CRI,2014,5.44291878
Cote d'Ivoire,CIV,2014,0.77760935
Croatia,HRV,2014,5.56410217
Cuba,CUB,2014,10.95757103
Curacao,CUW,2014,
Cyprus,CYP,2014,2.95597911
Czechia,CZE,2014,6.2726655
Denmark,DNK,2014,8.70544338
Djibouti,DJI,2014,1.76380634
Dominica,DMA,2014,3.21116447
Dominican Republic,DOM,2014,2.46088839
Ecuador,ECU,2014,4.11469746
"Egypt, Arab Rep.",EGY,2014,1.48455393
El Salvador,SLV,2014,4.68769121
Equatorial Guinea,GNQ,2014,0.47094294
Eritrea,ERI,2014,0.51415247
Estonia,EST,2014,4.74082613
Eswatini,SWZ,2014,2.73972297
Ethiopia,ETH,2014,0.71479559
Faroe Islands,FRO,2014,
Fiji,FJI,2014,2.0661068
Finland,FIN,2014,7.78149414
France,FRA,2014,8.11223507
French Polynesia,PYF,2014,
Gabon,GAB,2014,1.51668847
"Gambia, The",GMB,2014,1.09228694
Georgia,GEO,2014,2.18159628
Germany,DEU,2014,8.48884487
Ghana,GHA,2014,1.40883136
Gibraltar,GIB,2014,
Greece,GRC,2014,4.48809004
Greenland,GRL,2014,
Grenada,GRD,2014,2.09314442
Guam,GUM,2014,
Guatemala,GTM,2014,2.23796296
Guinea,GIN,2014,0.61152339
Guinea-Bissau,GNB,2014,0.59649962
Guyana,GUY,2014,2.17510056
Haiti,HTI,2014,0.4683435
Honduras,HND,2014,3.19305706
"Hong Kong SAR, China",HKG,2014,
Hungary,HUN,2014,4.70014715
Iceland,ISL,2014,6.62376833
India,IND,2014,0.85653549
Indonesia,IDN,2014,0.99274278
"Iran, Islamic Rep.",IRN,2014,3.19986582
Iraq,IRQ,2014,1.03747571
Ireland,IRL,2014,6.77773857
Isle of Man,IMN,2014,
Israel,ISR,2014,4.49629736
Italy,ITA,2014,6.68862152
Jamaica,JAM,2014,3.06121469
Japan,JPN,2014,9.02501678
Jordan,JOR,2014,4.64796257
Kazakhstan,KAZ,2014,2.13331342
Kenya,KEN,2014,1.83768213
Kiribati,KIR,2014,8.31472111
"Korea, Dem. People's Rep.",PRK,2014,
"Korea, Rep.",KOR,2014,3.71141768
Kosovo,XKX,2014,
Kuwait,KWT,2014,2.466609
Kyrgyz Republic,KGZ,2014,2.74904537
Lao PDR,LAO,2014,0.68373317
Latvia,LVA,2014,3.26013923
Lebanon,LBN,2014,3.5689652
Lesotho,LSO,2014,4.95433474
Liberia,LBR,2014,0.82515347
Libya,LBY,2014,
Liechtenstein,LIE,2014,
Lithuania,LTU,2014,4.12314367
Luxembourg,LUX,2014,4.40729094
"Macao SAR, China",MAC,2014,
Madagascar,MDG,2014,1.74814212
Malawi,MWI,2014,1.56810546
Malaysia,MYS,2014,2.03088164
Maldives,MDV,2014,4.904356
Mali,MLI,2014,0.89173758
Malta,MLT,2014,5.59774208
Marshall Islands,MHL,2014,5.88222218
Mauritania,MRT,2014,1.25234473
Mauritius,MUS,2014,2.47630405
Mexico,MEX,2014,2.89231014
"Micronesia, Fed. Sts.",FSM,2014,3.33988428
Moldova,MDA,2014,4.25988245
Monaco,MCO,2014,1.69046283
Mongolia,MNG,2014,2.40595388
Montenegro,MNE,2014,4.85656452
Morocco,MAR,2014,2.27032304
Mozambique,MOZ,2014,1.74078834
Myanmar,MMR,2014,1.06255651
Namibia,NAM,2014,3.883605
Nauru,NRU,2014,5.84321594
Nepal,NPL,2014,0.87364674
Netherlands,NLD,2014,7.16778851
New Caledonia,NCL,2014,
New Zealand,NZL,2014,7.2801528
Nicaragua,NIC,2014,4.15811014
Niger,NER,2014,1.27712584
Nigeria,NGA,2014,0.44593188
North Macedonia,MKD,2014,4.01871777
Northern Mariana Islands,MNP,2014,
Norway,NOR,2014,7.97019482
Oman,OMN,2014,3.22622132
Pakistan,PAK,2014,0.59680567
Palau,PLW,2014,4.48360968
Panama,PAN,2014,4.39001703
Papua New Guinea,PNG,2014,2.02066565
Paraguay,PRY,2014,3.16169024
Peru,PER,2014,2.96500993
Philippines,PHL,2014,1.26327145
Poland,POL,2014,4.46653366
Portugal,PRT,2014,5.76832533
Puerto Rico,PRI,2014,
Qatar,QAT,2014,2.10174274
Romania,ROU,2014,3.96122551
Russian Federation,RUS,2014,3.20183849
Rwanda,RWA,2014,2.19475436
Samoa,WSM,2014,4.65756559
San Marino,SMR,2014,7.42958117
Sao Tome and Principe,STP,2014,2.36508298
Saudi Arabia,SAU,2014,3.7311101
Senegal,SEN,2014,1.080037
Serbia,SRB,2014,5.38649607
Seychelles,SYC,2014,3.18385339
Sierra Leone,SLE,2014,1.33745706
Singapore,SGP,2014,1.74364483
Sint Maarten (Dutch part),SXM,2014,
Slovak Republic,SVK,2014,5.4802556
Slovenia,SVN,2014,5.99596119
Solomon Islands,SLB,2014,2.9565556
Somalia,SOM,2014,
South Africa,ZAF,2014,4.3735652
South Sudan,SSD,2014,
Spain,ESP,2014,6.38631392
Sri Lanka,LKA,2014,1.61314976
St. Kitts and Nevis,KNA,2014,1.94226372
St. Lucia,LCA,2014,1.90737212
St. Martin (French part),MAF,2014,
St. Vincent and the Grenadines,VCT,2014,2.53281069
Sudan,SDN,2014,1.43453598
Suriname,SUR,2014,1.87637579
Sweden,SWE,2014,9.19936943
Switzerland,CHE,2014,3.40755963
Syrian Arab Republic,SYR,2014,
Tajikistan,TJK,2014,2.07762313
Tanzania,TZA,2014,1.19945395
Thailand,THA,2014,2.78856063
Timor-Leste,TLS,2014,4.1271596
Togo,TGO,2014,1.03395808
Tonga,TON,2014,2.8900826
Trinidad and Tobago,TTO,2014,2.61249113
Tunisia,TUN,2014,3.7496531
Turkiye,TUR,2014,3.35657501
Turkmenistan,TKM,2014,1.16196096
Turks and Caicos Islands,TCA,2014,
Tuvalu,TUV,2014,12.08134651
Uganda,UGA,2014,0.95077145
Ukraine,UKR,2014,3.45070863
United Arab Emirates,ARE,2014,2.57658958
United Kingdom,GBR,2014,7.90565538
United States,USA,2014,8.22790337
Uruguay,URY,2014,5.49947214
Uzbekistan,UZB,2014,2.31306577
Vanuatu,VUT,2014,0.5876475
"Venezuela, RB",VEN,2014,1.99139607
Vietnam,VNM,2014,1.93541729
Virgin Islands (U.S.),VIR,2014,
West Bank and Gaza,PSE,2014,
"Yemen, Rep.",YEM,2014,0.78348452
Zambia,ZMB,2014,1.89382219
Zimbabwe,ZWE,2014,2.73114586
Africa Eastern and Southern,AFE,2014,2.643213355
Africa Western and Central,AFW,2014,0.65059067
Arab World,ARB,2014,2.782958555
Caribbean small states,CSS,2014,2.666066539
Central Europe and the Baltics,CEB,2014,4.813409757
Early-demographic dividend,EAR,2014,2.507461684
East Asia & Pacific,EAS,2014,4.482313654
East Asia & Pacific (excluding high income),EAP,2014,2.579878689
East Asia & Pacific (IDA & IBRD countries),TEA,2014,2.579904002
Euro area,EMU,2014,7.509201315
Europe & Central Asia,ECS,2014,6.66778175
Europe & Central Asia (excluding high income),ECA,2014,3.161791801
Europe & Central Asia (IDA & IBRD countries),TEC,2014,3.378598696
European Union,EUU,2014,7.388653851
Fragile and conflict affected situations,FCS,2014,1.346269423
Heavily indebted poor countries (HIPC),HPC,2014,1.330527822
High income,HIC,2014,7.466662315
IBRD only,IBD,2014,2.866904291
IDA & IBRD total,IBT,2014,2.731073029
IDA blend,IDB,2014,0.820842238
IDA only,IDX,2014,1.1681007
IDA total,IDA,2014,0.993935945
Late-demographic dividend,LTE,2014,3.102669829
Latin America & Caribbean,LCN,2014,3.768709714
Latin America & Caribbean (excluding high income),LAC,2014,3.914805277
Latin America & the Caribbean (IDA & IBRD countries),TLA,2014,3.678073885
Least developed countries: UN classification,LDC,2014,1.039290241
Low & middle income,LMY,2014,2.701239624
Low income,LIC,2014,1.09184111
Lower middle income,LMC,2014,1.49611143
Middle East & North Africa,MEA,2014,3.033541475
Middle East & North Africa (excluding high income),MNA,2014,2.660150428
Middle East & North Africa (IDA & IBRD countries),TMN,2014,2.660150428
Middle income,MIC,2014,2.723762638
North America,NAC,2014,8.135867429
Not classified,INX,2014,
OECD members,OED,2014,7.464172597
Other small states,OSS,2014,2.740182137
Pacific island small states,PSS,2014,2.718793601
Post-demographic dividend,PST,2014,7.726712383
Pre-demographic dividend,PRE,2014,0.893768533
Small states,SST,2014,2.72911013
South Asia,SAS,2014,0.83675528
South Asia (IDA & IBRD),TSA,2014,0.83675528
Sub-Saharan Africa,SSF,2014,1.694971877
Sub-Saharan Africa (excluding high income),SSA,2014,1.693871763
Sub-Saharan Africa (IDA & IBRD countries),TSS,2014,1.694971877
Upper middle income,UMC,2014,3.055029084
World,WLD,2014,5.734328951
Afghanistan,AFG,2013,0.44335932
Albania,ALB,2013,2.57775068
Algeria,DZA,2013,4.28830338
American Samoa,ASM,2013,
Andorra,AND,2013,4.80341673
Angola,AGO,2013,1.69516695
Antigua and Barbuda,ATG,2013,3.08960581
Argentina,ARG,2013,6.22042274
Armenia,ARM,2013,1.37565804
Aruba,ABW,2013,
Australia,AUS,2013,5.9267602
Austria,AUT,2013,7.4231286
Azerbaijan,AZE,2013,1.06307197
"Bahamas, The",BHS,2013,2.56913257
Bahrain,BHR,2013,2.80836272
Bangladesh,BGD,2013,0.52380127
Barbados,BRB,2013,3.80649638
Belarus,BLR,2013,3.56868172
Belgium,BEL,2013,8.03675461
Belize,BLZ,2013,3.75876546
Benin,BEN,2013,0.76462752
Bermuda,BMU,2013,
Bhutan,BTN,2013,2.55412817
Bolivia,BOL,2013,3.26242685
Bosnia and Herzegovina,BIH,2013,6.58716393
Botswana,BWA,2013,4.15482092
Brazil,BRA,2013,3.55113959
British Virgin Islands,VGB,2013,
Brunei Darussalam,BRN,2013,1.71973145
Bulgaria,BGR,2013,4.04010868
Burkina Faso,BFA,2013,1.61236513
Burundi,BDI,2013,1.54086971
Cabo Verde,CPV,2013,3.05590343
Cambodia,KHM,2013,1.41955829
Cameroon,CMR,2013,0.4803811
Canada,CAN,2013,7.36776829
Cayman Islands,CYM,2013,
Central African Republic,CAF,2013,0.982925
Chad,TCD,2013,1.14863968
Channel Islands,CHI,2013,
Chile,CHL,2013,3.5473907
China,CHN,2013,2.68986797
Colombia,COL,2013,4.90206432
Comoros,COM,2013,0.65978307
"Congo, Dem. Rep.",COD,2013,0.4984341
"Congo, Rep.",COG,2013,0.93664998
Costa Rica,CRI,2013,5.45445585
Cote d'Ivoire,CIV,2013,0.72783405
Croatia,HRV,2013,5.47827482
Cuba,CUB,2013,9.1383667
Curacao,CUW,2013,
Cyprus,CYP,2013,3.16395736
Czechia,CZE,2013,6.4410243
Denmark,DNK,2013,8.72416973
Djibouti,DJI,2013,1.80735004
Dominica,DMA,2013,3.28141499
Dominican Republic,DOM,2013,2.77817011
Ecuador,ECU,2013,3.82528639
"Egypt, Arab Rep.",EGY,2013,1.43904531
El Salvador,SLV,2013,4.76325369
Equatorial Guinea,GNQ,2013,0.42721468
Eritrea,ERI,2013,0.77988005
Estonia,EST,2013,4.54079533
Eswatini,SWZ,2013,3.32492328
Ethiopia,ETH,2013,1.09967208
Faroe Islands,FRO,2013,
Fiji,FJI,2013,1.87162006
Finland,FIN,2013,7.79147577
France,FRA,2013,8.01780128
French Polynesia,PYF,2013,
Gabon,GAB,2013,1.82302928
"Gambia, The",GMB,2013,1.08376527
Georgia,GEO,2013,1.85709786
Germany,DEU,2013,8.4049654
Ghana,GHA,2013,1.85814357
Gibraltar,GIB,2013,
Greece,GRC,2013,5.18027735
Greenland,GRL,2013,
Grenada,GRD,2013,2.27822328
Guam,GUM,2013,
Guatemala,GTM,2013,2.21485376
Guinea,GIN,2013,0.48858824
Guinea-Bissau,GNB,2013,0.55160207
Guyana,GUY,2013,1.88811839
Haiti,HTI,2013,0.47550055
Honduras,HND,2013,3.4937377
"Hong Kong SAR, China",HKG,2013,
Hungary,HUN,2013,4.78818369
Iceland,ISL,2013,6.55948114
India,IND,2013,0.86504197
Indonesia,IDN,2013,0.81686825
"Iran, Islamic Rep.",IRN,2013,2.13520288
Iraq,IRQ,2013,1.14635122
Ireland,IRL,2013,7.27710915
Isle of Man,IMN,2013,
Israel,ISR,2013,4.46624565
Italy,ITA,2013,6.64814234
Jamaica,JAM,2013,2.97220016
Japan,JPN,2013,8.99433517
Jordan,JOR,2013,4.41074276
Kazakhstan,KAZ,2013,1.84699547
Kenya,KEN,2013,1.66091359
Kiribati,KIR,2013,7.81675386
"Korea, Dem. People's Rep.",PRK,2013,
"Korea, Rep.",KOR,2013,3.61362767
Kosovo,XKX,2013,
Kuwait,KWT,2013,2.08904266
Kyrgyz Republic,KGZ,2013,3.94686103
Lao PDR,LAO,2013,0.71266264
Latvia,LVA,2013,3.24601078
Lebanon,LBN,2013,3.11877799
Lesotho,LSO,2013,4.65022707
Liberia,LBR,2013,0.34247521
Libya,LBY,2013,
Liechtenstein,LIE,2013,
Lithuania,LTU,2013,4.01803207
Luxembourg,LUX,2013,4.39057875
"Macao SAR, China",MAC,2013,
Madagascar,MDG,2013,1.30425918
Malawi,MWI,2013,1.48205006
Malaysia,MYS,2013,1.89357972
Maldives,MDV,2013,4.29976511
Mali,MLI,2013,0.81583834
Malta,MLT,2013,5.73996449
Marshall Islands,MHL,2013,6.63874435
Mauritania,MRT,2013,1.08287692
Mauritius,MUS,2013,1.95769048
Mexico,MEX,2013,3.12253189
"Micronesia, Fed. Sts.",FSM,2013,2.76707244
Moldova,MDA,2013,4.05499315
Monaco,MCO,2013,1.74396694
Mongolia,MNG,2013,2.28476501
Montenegro,MNE,2013,4.89767981
Morocco,MAR,2013,2.51814461
Mozambique,MOZ,2013,1.51853013
Myanmar,MMR,2013,0.60410881
Namibia,NAM,2013,4.18122244
Nauru,NRU,2013,5.12801552
Nepal,NPL,2013,0.75677603
Netherlands,NLD,2013,7.30336142
New Caledonia,NCL,2013,
New Zealand,NZL,2013,7.2670989
Nicaragua,NIC,2013,3.86888838
Niger,NER,2013,1.34044802
Nigeria,NGA,2013,0.48927844
North Macedonia,MKD,2013,4.41111708
Northern Mariana Islands,MNP,2013,
Norway,NOR,2013,7.59215212
Oman,OMN,2013,2.50380254
Pakistan,PAK,2013,0.62996411
Palau,PLW,2013,4.68362474
Panama,PAN,2013,4.22649384
Papua New Guinea,PNG,2013,1.98455942
Paraguay,PRY,2013,2.6527679
Peru,PER,2013,2.6585629
Philippines,PHL,2013,1.1204468
Poland,POL,2013,4.50933599
Portugal,PRT,2013,5.85821295
Puerto Rico,PRI,2013,
Qatar,QAT,2013,1.74754512
Romania,ROU,2013,4.10288525
Russian Federation,RUS,2013,3.16959071
Rwanda,RWA,2013,2.17317319
Samoa,WSM,2013,4.17282534
San Marino,SMR,2013,7.46279001
Sao Tome and Principe,STP,2013,2.66235065
Saudi Arabia,SAU,2013,3.10786796
Senegal,SEN,2013,1.17077053
Serbia,SRB,2013,5.57435799
Seychelles,SYC,2013,3.20524502
Sierra Leone,SLE,2013,0.80621618
Singapore,SGP,2013,1.53696907
Sint Maarten (Dutch part),SXM,2013,
Slovak Republic,SVK,2013,5.51539946
Slovenia,SVN,2013,6.14473963
Solomon Islands,SLB,2013,2.77610326
Somalia,SOM,2013,
South Africa,ZAF,2013,4.14510202
South Sudan,SSD,2013,
Spain,ESP,2013,6.43811703
Sri Lanka,LKA,2013,1.73812664
St. Kitts and Nevis,KNA,2013,1.91925764
St. Lucia,LCA,2013,2.06810927
St. Martin (French part),MAF,2013,
St. Vincent and the Grenadines,VCT,2013,2.67553115
Sudan,SDN,2013,1.15195048
Suriname,SUR,2013,1.88953507
Sweden,SWE,2013,9.1623106
Switzerland,CHE,2013,3.43032241
Syrian Arab Republic,SYR,2013,
Tajikistan,TJK,2013,1.90030849
Tanzania,TZA,2013,1.18517053
Thailand,THA,2013,2.62275028
Timor-Leste,TLS,2013,4.44555855
Togo,TGO,2013,0.99220741
Tonga,TON,2013,2.7824738
Trinidad and Tobago,TTO,2013,2.58851647
Tunisia,TUN,2013,3.8491714
Turkiye,TUR,2013,3.42470455
Turkmenistan,TKM,2013,1.12301207
Turks and Caicos Islands,TCA,2013,
Tuvalu,TUV,2013,9.88884354
Uganda,UGA,2013,0.97432142
Ukraine,UKR,2013,3.33902359
United Arab Emirates,ARE,2013,2.58594084
United Kingdom,GBR,2013,7.91318083
United States,USA,2013,7.91718674
Uruguay,URY,2013,5.39425087
Uzbekistan,UZB,2013,2.40117002
Vanuatu,VUT,2013,2.24557829
"Venezuela, RB",VEN,2013,2.15607715
Vietnam,VNM,2013,2.39113688
Virgin Islands (U.S.),VIR,2013,
West Bank and Gaza,PSE,2013,
"Yemen, Rep.",YEM,2013,0.9796077
Zambia,ZMB,2013,1.30987322
Zimbabwe,ZWE,2013,2.01785898
Africa Eastern and Southern,AFE,2013,2.638433594
Africa Western and Central,AFW,2013,0.722267529
Arab World,ARB,2013,2.511604309
Caribbean small states,CSS,2013,2.669829606
Central Europe and the Baltics,CEB,2013,4.875808636
Early-demographic dividend,EAR,2013,2.451207274
East Asia & Pacific,EAS,2013,4.493914968
East Asia & Pacific (excluding high income),EAP,2013,2.462869183
East Asia & Pacific (IDA & IBRD countries),TEA,2013,2.462890401
Euro area,EMU,2013,7.484346836
Europe & Central Asia,ECS,2013,6.583285094
Europe & Central Asia (excluding high income),ECA,2013,3.146108082
Europe & Central Asia (IDA & IBRD countries),TEC,2013,3.354550988
European Union,EUU,2013,7.3755788
Fragile and conflict affected situations,FCS,2013,1.412290622
Heavily indebted poor countries (HIPC),HPC,2013,1.300314647
High income,HIC,2013,7.31325879
IBRD only,IBD,2013,2.81392544
IDA & IBRD total,IBT,2013,2.687897909
IDA blend,IDB,2013,0.829937087
IDA only,IDX,2013,1.172562957
IDA total,IDA,2013,1.001664666
Late-demographic dividend,LTE,2013,3.029654278
Latin America & Caribbean,LCN,2013,3.744644816
Latin America & Caribbean (excluding high income),LAC,2013,3.85168914
Latin America & the Caribbean (IDA & IBRD countries),TLA,2013,3.678364904
Least developed countries: UN classification,LDC,2013,1.047912912
Low & middle income,LMY,2013,2.645471489
Low income,LIC,2013,1.057005576
Lower middle income,LMC,2013,1.462471588
Middle East & North Africa,MEA,2013,2.665052047
Middle East & North Africa (excluding high income),MNA,2013,2.282982722
Middle East & North Africa (IDA & IBRD countries),TMN,2013,2.282982722
Middle income,MIC,2013,2.666408047
North America,NAC,2013,7.862902835
Not classified,INX,2013,
OECD members,OED,2013,7.330110222
Other small states,OSS,2013,2.556239478
Pacific island small states,PSS,2013,2.715944936
Post-demographic dividend,PST,2013,7.566424843
Pre-demographic dividend,PRE,2013,0.920071055
Small states,SST,2013,2.575445021
South Asia,SAS,2013,0.850187645
South Asia (IDA & IBRD),TSA,2013,0.850187645
Sub-Saharan Africa,SSF,2013,1.747697308
Sub-Saharan Africa (excluding high income),SSA,2013,1.746620077
Sub-Saharan Africa (IDA & IBRD countries),TSS,2013,1.747697308
Upper middle income,UMC,2013,2.984425468
World,WLD,2013,5.636720925
Afghanistan,AFG,2012,0.34288675
Albania,ALB,2012,2.45518684
Algeria,DZA,2012,4.37614059
American Samoa,ASM,2012,
Andorra,AND,2012,4.69811535
Angola,AGO,2012,1.56333566
Antigua and Barbuda,ATG,2012,3.08453822
Argentina,ARG,2012,6.13485479
Armenia,ARM,2012,1.57816982
Aruba,ABW,2012,
Australia,AUS,2012,6.17947626
Austria,AUT,2012,7.43251085
Azerbaijan,AZE,2012,1.11365366
"Bahamas, The",BHS,2012,2.31367421
Bahrain,BHR,2012,2.68348098
Bangladesh,BGD,2012,0.56263942
Barbados,BRB,2012,4.30390453
Belarus,BLR,2012,3.44369793
Belgium,BEL,2012,8.02982998
Belize,BLZ,2012,3.57302713
Benin,BEN,2012,0.7467218
Bermuda,BMU,2012,
Bhutan,BTN,2012,2.51806545
Bolivia,BOL,2012,2.9963541
Bosnia and Herzegovina,BIH,2012,6.51472664
Botswana,BWA,2012,4.09601831
Brazil,BRA,2012,3.35463238
British Virgin Islands,VGB,2012,
Brunei Darussalam,BRN,2012,1.68712533
Bulgaria,BGR,2012,3.82975197
Burkina Faso,BFA,2012,1.06450117
Burundi,BDI,2012,2.66949105
Cabo Verde,CPV,2012,3.07491827
Cambodia,KHM,2012,1.40670311
Cameroon,CMR,2012,0.64008772
Canada,CAN,2012,7.40953112
Cayman Islands,CYM,2012,
Central African Republic,CAF,2012,0.62262195
Chad,TCD,2012,0.94672126
Channel Islands,CHI,2012,
Chile,CHL,2012,3.36552095
China,CHN,2012,2.54478717
Colombia,COL,2012,4.71287298
Comoros,COM,2012,0.79534382
"Congo, Dem. Rep.",COD,2012,0.53260952
"Congo, Rep.",COG,2012,0.81893653
Costa Rica,CRI,2012,5.503479
Cote d'Ivoire,CIV,2012,0.74607903
Croatia,HRV,2012,6.3646965
Cuba,CUB,2012,8.06292343
Curacao,CUW,2012,
Cyprus,CYP,2012,3.00964808
Czechia,CZE,2012,5.83021832
Denmark,DNK,2012,8.87701893
Djibouti,DJI,2012,1.89016581
Dominica,DMA,2012,3.48056149
Dominican Republic,DOM,2012,2.76371336
Ecuador,ECU,2012,3.43776512
"Egypt, Arab Rep.",EGY,2012,1.35230196
El Salvador,SLV,2012,4.45448637
Equatorial Guinea,GNQ,2012,0.5242334
Eritrea,ERI,2012,0.79316747
Estonia,EST,2012,4.44167042
Eswatini,SWZ,2012,3.41336322
Ethiopia,ETH,2012,1.06663179
Faroe Islands,FRO,2012,
Fiji,FJI,2012,1.91403711
Finland,FIN,2012,7.64987421
France,FRA,2012,7.94105148
French Polynesia,PYF,2012,
Gabon,GAB,2012,1.48285842
"Gambia, The",GMB,2012,1.20622373
Georgia,GEO,2012,1.56462336
Germany,DEU,2012,8.18770885
Ghana,GHA,2012,1.97193396
Gibraltar,GIB,2012,
Greece,GRC,2012,5.67610359
Greenland,GRL,2012,
Grenada,GRD,2012,2.38694572
Guam,GUM,2012,
Guatemala,GTM,2012,2.02626443
Guinea,GIN,2012,0.51431388
Guinea-Bissau,GNB,2012,0.50444686
Guyana,GUY,2012,1.79707813
Haiti,HTI,2012,0.45754522
Honduras,HND,2012,3.3830452
"Hong Kong SAR, China",HKG,2012,
Hungary,HUN,2012,4.80347204
Iceland,ISL,2012,6.53846216
India,IND,2012,0.93186861
Indonesia,IDN,2012,0.76724905
"Iran, Islamic Rep.",IRN,2012,2.10056233
Iraq,IRQ,2012,1.00895858
Ireland,IRL,2012,7.62500095
Isle of Man,IMN,2012,
Israel,ISR,2012,4.43309879
Italy,ITA,2012,6.66466093
Jamaica,JAM,2012,2.78247046
Japan,JPN,2012,8.9568243
Jordan,JOR,2012,5.03539467
Kazakhstan,KAZ,2012,2.06988883
Kenya,KEN,2012,1.62624443
Kiribati,KIR,2012,7.67759562
"Korea, Dem. People's Rep.",PRK,2012,
"Korea, Rep.",KOR,2012,3.53646016
Kosovo,XKX,2012,
Kuwait,KWT,2012,1.9472518
Kyrgyz Republic,KGZ,2012,4.22100592
Lao PDR,LAO,2012,0.43670169
Latvia,LVA,2012,3.26510525
Lebanon,LBN,2012,3.04558134
Lesotho,LSO,2012,4.82419586
Liberia,LBR,2012,0.87157464
Libya,LBY,2012,
Liechtenstein,LIE,2012,
Lithuania,LTU,2012,4.18076372
Luxembourg,LUX,2012,4.4276371
"Macao SAR, China",MAC,2012,
Madagascar,MDG,2012,1.48979211
Malawi,MWI,2012,0.95642853
Malaysia,MYS,2012,1.86487269
Maldives,MDV,2012,4.20904255
Mali,MLI,2012,0.41352269
Malta,MLT,2012,5.49935484
Marshall Islands,MHL,2012,6.04399681
Mauritania,MRT,2012,0.89773965
Mauritius,MUS,2012,1.90073168
Mexico,MEX,2012,3.00721955
"Micronesia, Fed. Sts.",FSM,2012,2.57380128
Moldova,MDA,2012,4.43541145
Monaco,MCO,2012,1.81689394
Mongolia,MNG,2012,2.34510446
Montenegro,MNE,2012,5.30493546
Morocco,MAR,2012,2.52345729
Mozambique,MOZ,2012,1.26101863
Myanmar,MMR,2012,0.41500768
Namibia,NAM,2012,3.87052751
Nauru,NRU,2012,4.19441795
Nepal,NPL,2012,0.78674734
Netherlands,NLD,2012,7.21522999
New Caledonia,NCL,2012,
New Zealand,NZL,2012,7.57742262
Nicaragua,NIC,2012,3.74920559
Niger,NER,2012,1.03993595
Nigeria,NGA,2012,0.54436672
North Macedonia,MKD,2012,4.13496399
Northern Mariana Islands,MNP,2012,
Norway,NOR,2012,7.43971157
Oman,OMN,2012,2.14939713
Pakistan,PAK,2012,0.61004923
Palau,PLW,2012,4.31734705
Panama,PAN,2012,4.04670668
Papua New Guinea,PNG,2012,1.82221472
Paraguay,PRY,2012,3.03290367
Peru,PER,2012,2.48863387
Philippines,PHL,2012,1.09802592
Poland,POL,2012,4.34607458
Portugal,PRT,2012,5.91590166
Puerto Rico,PRI,2012,
Qatar,QAT,2012,1.38358474
Romania,ROU,2012,3.63839698
Russian Federation,RUS,2012,3.14484
Rwanda,RWA,2012,2.05578661
Samoa,WSM,2012,3.97828579
San Marino,SMR,2012,8.10129166
Sao Tome and Principe,STP,2012,2.10990143
Saudi Arabia,SAU,2012,2.74473023
Senegal,SEN,2012,1.21922684
Serbia,SRB,2012,5.79436255
Seychelles,SYC,2012,4.02018118
Sierra Leone,SLE,2012,0.95205772
Singapore,SGP,2012,1.30787134
Sint Maarten (Dutch part),SXM,2012,
Slovak Republic,SVK,2012,5.38078308
Slovenia,SVN,2012,6.1747551
Solomon Islands,SLB,2012,2.93307853
Somalia,SOM,2012,
South Africa,ZAF,2012,4.1403532
South Sudan,SSD,2012,
Spain,ESP,2012,6.60091925
Sri Lanka,LKA,2012,1.43723977
St. Kitts and Nevis,KNA,2012,1.96238184
St. Lucia,LCA,2012,2.02928877
St. Martin (French part),MAF,2012,
St. Vincent and the Grenadines,VCT,2012,2.76023078
Sudan,SDN,2012,1.49337018
Suriname,SUR,2012,1.75651753
Sweden,SWE,2012,9.0407753
Switzerland,CHE,2012,3.45818734
Syrian Arab Republic,SYR,2012,1.37997258
Tajikistan,TJK,2012,1.60808611
Tanzania,TZA,2012,1.17573333
Thailand,THA,2012,2.68024039
Timor-Leste,TLS,2012,4.14897776
Togo,TGO,2012,1.20870054
Tonga,TON,2012,2.5250833
Trinidad and Tobago,TTO,2012,2.37860012
Tunisia,TUN,2012,3.58298373
Turkiye,TUR,2012,3.51873088
Turkmenistan,TKM,2012,0.90028721
Turks and Caicos Islands,TCA,2012,
Tuvalu,TUV,2012,11.83783531
Uganda,UGA,2012,0.9248504
Ukraine,UKR,2012,3.74045873
United Arab Emirates,ARE,2012,2.48480034
United Kingdom,GBR,2012,8.00758743
United States,USA,2012,7.87175035
Uruguay,URY,2012,5.18105078
Uzbekistan,UZB,2012,2.33609509
Vanuatu,VUT,2012,2.29996967
"Venezuela, RB",VEN,2012,2.85448384
Vietnam,VNM,2012,2.09637356
Virgin Islands (U.S.),VIR,2012,
West Bank and Gaza,PSE,2012,
"Yemen, Rep.",YEM,2012,1.24131441
Zambia,ZMB,2012,1.29786623
Zimbabwe,ZWE,2012,1.99866605
Africa Eastern and Southern,AFE,2012,2.732926986
Africa Western and Central,AFW,2012,0.723887652
Arab World,ARB,2012,2.34431625
Caribbean small states,CSS,2012,2.537558752
Central Europe and the Baltics,CEB,2012,4.69736554
Early-demographic dividend,EAR,2012,2.420228529
East Asia & Pacific,EAS,2012,4.766778321
East Asia & Pacific (excluding high income),EAP,2012,2.318208952
East Asia & Pacific (IDA & IBRD countries),TEA,2012,2.318226598
Euro area,EMU,2012,7.4244167
Europe & Central Asia,ECS,2012,6.56256078
Europe & Central Asia (excluding high income),ECA,2012,3.181389946
Europe & Central Asia (IDA & IBRD countries),TEC,2012,3.362600427
European Union,EUU,2012,7.304156857
Fragile and conflict affected situations,FCS,2012,1.630334144
Heavily indebted poor countries (HIPC),HPC,2012,1.282696738
High income,HIC,2012,7.318922251
IBRD only,IBD,2012,2.737170891
IDA & IBRD total,IBT,2012,2.618481523
IDA blend,IDB,2012,0.850055097
IDA only,IDX,2012,1.156166882
IDA total,IDA,2012,1.005732919
Late-demographic dividend,LTE,2012,2.919066877
Latin America & Caribbean,LCN,2012,3.625642268
Latin America & Caribbean (excluding high income),LAC,2012,3.685970566
Latin America & the Caribbean (IDA & IBRD countries),TLA,2012,3.572910507
Least developed countries: UN classification,LDC,2012,1.031533009
Low & middle income,LMY,2012,2.566330542
Low income,LIC,2012,1.118687947
Lower middle income,LMC,2012,1.499390578
Middle East & North Africa,MEA,2012,2.481652504
Middle East & North Africa (excluding high income),MNA,2012,2.231206952
Middle East & North Africa (IDA & IBRD countries),TMN,2012,2.231206952
Middle income,MIC,2012,2.587726283
North America,NAC,2012,7.825013799
Not classified,INX,2012,
OECD members,OED,2012,7.350976057
Other small states,OSS,2012,2.336275232
Pacific island small states,PSS,2012,2.714553126
Post-demographic dividend,PST,2012,7.578542874
Pre-demographic dividend,PRE,2012,0.913282804
Small states,SST,2012,2.372492012
South Asia,SAS,2012,0.893381333
South Asia (IDA & IBRD),TSA,2012,0.893381333
Sub-Saharan Africa,SSF,2012,1.858063303
Sub-Saharan Africa (excluding high income),SSA,2012,1.856671188
Sub-Saharan Africa (IDA & IBRD countries),TSS,2012,1.858063303
Upper middle income,UMC,2012,2.889178219
World,WLD,2012,5.663813191
Afghanistan,AFG,2011,0.47999981
Albania,ALB,2011,2.36555696
Algeria,DZA,2011,3.71975923
American Samoa,ASM,2011,
Andorra,AND,2011,5.69188356
Angola,AGO,2011,1.71321774
Antigua and Barbuda,ATG,2011,3.09945083
Argentina,ARG,2011,5.68117285
Armenia,ARM,2011,1.6728667
Aruba,ABW,2011,
Australia,AUS,2011,6.25611258
Austria,AUT,2011,7.28789806
Azerbaijan,AZE,2011,0.94790989
"Bahamas, The",BHS,2011,2.37497997
Bahrain,BHR,2011,2.52518535
Bangladesh,BGD,2011,0.57777011
Barbados,BRB,2011,3.34585857
Belarus,BLR,2011,3.08841538
Belgium,BEL,2011,7.89500046
Belize,BLZ,2011,3.72145414
Benin,BEN,2011,0.79594523
Bermuda,BMU,2011,
Bhutan,BTN,2011,2.45894694
Bolivia,BOL,2011,3.02061009
Bosnia and Herzegovina,BIH,2011,6.21122313
Botswana,BWA,2011,3.60456705
Brazil,BRA,2011,3.46567941
British Virgin Islands,VGB,2011,
Brunei Darussalam,BRN,2011,1.70617342
Bulgaria,BGR,2011,3.84530854
Burkina Faso,BFA,2011,1.34620178
Burundi,BDI,2011,3.47107577
Cabo Verde,CPV,2011,2.86501956
Cambodia,KHM,2011,1.27987134
Cameroon,CMR,2011,0.5729565
Canada,CAN,2011,7.31006718
Cayman Islands,CYM,2011,
Central African Republic,CAF,2011,0.41448623
Chad,TCD,2011,0.82494748
Channel Islands,CHI,2011,
Chile,CHL,2011,3.19340086
China,CHN,2011,2.33301282
Colombia,COL,2011,4.98383522
Comoros,COM,2011,0.9567222
"Congo, Dem. Rep.",COD,2011,0.35409075
"Congo, Rep.",COG,2011,0.65133953
Costa Rica,CRI,2011,5.70106649
Cote d'Ivoire,CIV,2011,0.57984018
Croatia,HRV,2011,6.30423164
Cuba,CUB,2011,10.06710052
Curacao,CUW,2011,
Cyprus,CYP,2011,3.05716181
Czechia,CZE,2011,5.79820013
Denmark,DNK,2011,8.7352457
Djibouti,DJI,2011,2.14388585
Dominica,DMA,2011,3.15106702
Dominican Republic,DOM,2011,2.72521138
Ecuador,ECU,2011,3.06546926
"Egypt, Arab Rep.",EGY,2011,1.47460115
El Salvador,SLV,2011,4.79892349
Equatorial Guinea,GNQ,2011,0.40495598
Eritrea,ERI,2011,0.77091086
Estonia,EST,2011,4.3640275
Eswatini,SWZ,2011,3.61155891
Ethiopia,ETH,2011,0.38117546
Faroe Islands,FRO,2011,
Fiji,FJI,2011,1.88993454
Finland,FIN,2011,7.30151653
France,FRA,2011,7.85247946
French Polynesia,PYF,2011,
Gabon,GAB,2011,1.58558345
"Gambia, The",GMB,2011,1.04374862
Georgia,GEO,2011,1.40115392
Germany,DEU,2011,8.12835026
Ghana,GHA,2011,2.35752439
Gibraltar,GIB,2011,
Greece,GRC,2011,6.040277
Greenland,GRL,2011,
Grenada,GRD,2011,2.41611266
Guam,GUM,2011,
Guatemala,GTM,2011,1.99347126
Guinea,GIN,2011,0.51036745
Guinea-Bissau,GNB,2011,0.43690556
Guyana,GUY,2011,2.02701139
Haiti,HTI,2011,0.42167202
Honduras,HND,2011,3.89370441
"Hong Kong SAR, China",HKG,2011,
Hungary,HUN,2011,4.95188713
Iceland,ISL,2011,6.5628705
India,IND,2011,0.93731916
Indonesia,IDN,2011,0.70190871
"Iran, Islamic Rep.",IRN,2011,2.03408742
Iraq,IRQ,2011,2.08887649
Ireland,IRL,2011,7.64333248
Isle of Man,IMN,2011,
Israel,ISR,2011,4.35397625
Italy,ITA,2011,6.7571559
Jamaica,JAM,2011,3.09656906
Japan,JPN,2011,8.78255081
Jordan,JOR,2011,5.49565887
Kazakhstan,KAZ,2011,1.84243858
Kenya,KEN,2011,1.60566163
Kiribati,KIR,2011,8.1771431
"Korea, Dem. People's Rep.",PRK,2011,
"Korea, Rep.",KOR,2011,3.51881123
Kosovo,XKX,2011,
Kuwait,KWT,2011,1.97078466
Kyrgyz Republic,KGZ,2011,3.69314909
Lao PDR,LAO,2011,0.36693901
Latvia,LVA,2011,3.63459969
Lebanon,LBN,2011,3.57470489
Lesotho,LSO,2011,5.37134027
Liberia,LBR,2011,1.51829386
Libya,LBY,2011,3.82936358
Liechtenstein,LIE,2011,
Lithuania,LTU,2011,4.56299257
Luxembourg,LUX,2011,5.0190835
"Macao SAR, China",MAC,2011,
Madagascar,MDG,2011,1.67813444
Malawi,MWI,2011,1.15239477
Malaysia,MYS,2011,1.76482272
Maldives,MDV,2011,3.67702603
Mali,MLI,2011,0.60476297
Malta,MLT,2011,5.44435787
Marshall Islands,MHL,2011,5.87766457
Mauritania,MRT,2011,0.74974972
Mauritius,MUS,2011,1.77170992
Mexico,MEX,2011,2.91415977
"Micronesia, Fed. Sts.",FSM,2011,3.035074
Moldova,MDA,2011,4.24517536
Monaco,MCO,2011,1.76817954
Mongolia,MNG,2011,2.13192797
Montenegro,MNE,2011,4.85758018
Morocco,MAR,2011,2.44000411
Mozambique,MOZ,2011,1.27621472
Myanmar,MMR,2011,0.23041078
Namibia,NAM,2011,4.09209919
Nauru,NRU,2011,5.58895683
Nepal,NPL,2011,0.7948519
Netherlands,NLD,2011,6.99721241
New Caledonia,NCL,2011,
New Zealand,NZL,2011,7.49986553
Nicaragua,NIC,2011,3.53044653
Niger,NER,2011,1.27229619
Nigeria,NGA,2011,0.47937736
North Macedonia,MKD,2011,4.05699444
Northern Mariana Islands,MNP,2011,
Norway,NOR,2011,7.41967487
Oman,OMN,2011,2.08465815
Pakistan,PAK,2011,0.43720981
Palau,PLW,2011,4.05132246
Panama,PAN,2011,4.3900466
Papua New Guinea,PNG,2011,1.49705744
Paraguay,PRY,2011,2.46140838
Peru,PER,2011,2.31512833
Philippines,PHL,2011,1.06190181
Poland,POL,2011,4.43206882
Portugal,PRT,2011,6.27685404
Puerto Rico,PRI,2011,
Qatar,QAT,2011,1.17667866
Romania,ROU,2011,3.52538133
Russian Federation,RUS,2011,3.00404239
Rwanda,RWA,2011,2.19846153
Samoa,WSM,2011,3.7005682
San Marino,SMR,2011,7.28447437
Sao Tome and Principe,STP,2011,2.24904656
Saudi Arabia,SAU,2011,2.48944736
Senegal,SEN,2011,1.30861843
Serbia,SRB,2011,5.57045889
Seychelles,SYC,2011,3.01365519
Sierra Leone,SLE,2011,0.88903201
Singapore,SGP,2011,1.17214501
Sint Maarten (Dutch part),SXM,2011,
Slovak Republic,SVK,2011,5.28560638
Slovenia,SVN,2011,6.16889191
Solomon Islands,SLB,2011,2.87079024
Somalia,SOM,2011,
South Africa,ZAF,2011,4.12050819
South Sudan,SSD,2011,
Spain,ESP,2011,6.73698664
Sri Lanka,LKA,2011,1.58128619
St. Kitts and Nevis,KNA,2011,1.90999293
St. Lucia,LCA,2011,1.80622673
St. Martin (French part),MAF,2011,
St. Vincent and the Grenadines,VCT,2011,2.39666867
Sudan,SDN,2011,1.28281784
Suriname,SUR,2011,1.79151595
Sweden,SWE,2011,8.80000973
Switzerland,CHE,2011,3.30035782
Syrian Arab Republic,SYR,2011,1.14291382
Tajikistan,TJK,2011,1.30533111
Tanzania,TZA,2011,1.28681624
Thailand,THA,2011,2.72706866
Timor-Leste,TLS,2011,3.56822348
Togo,TGO,2011,1.07126713
Tonga,TON,2011,2.74445701
Trinidad and Tobago,TTO,2011,2.35490894
Tunisia,TUN,2011,3.45419288
Turkiye,TUR,2011,3.68182659
Turkmenistan,TKM,2011,0.84371674
Turks and Caicos Islands,TCA,2011,
Tuvalu,TUV,2011,11.89357758
Uganda,UGA,2011,0.90863341
Ukraine,UKR,2011,3.42371154
United Arab Emirates,ARE,2011,2.65790033
United Kingdom,GBR,2011,8.01995087
United States,USA,2011,7.89911222
Uruguay,URY,2011,4.8879509
Uzbekistan,UZB,2011,2.08887649
Vanuatu,VUT,2011,2.36059308
"Venezuela, RB",VEN,2011,3.07864499
Vietnam,VNM,2011,1.78486931
Virgin Islands (U.S.),VIR,2011,
West Bank and Gaza,PSE,2011,
"Yemen, Rep.",YEM,2011,1.09211838
Zambia,ZMB,2011,1.20388007
Zimbabwe,ZWE,2011,2.11995435
Africa Eastern and Southern,AFE,2011,2.781934653
Africa Western and Central,AFW,2011,0.710194648
Arab World,ARB,2011,2.352994926
Caribbean small states,CSS,2011,2.56049145
Central Europe and the Baltics,CEB,2011,4.743618245
Early-demographic dividend,EAR,2011,2.358332807
East Asia & Pacific,EAS,2011,4.739119465
East Asia & Pacific (excluding high income),EAP,2011,2.122312063
East Asia & Pacific (IDA & IBRD countries),TEA,2011,2.122335481
Euro area,EMU,2011,7.394802625
Europe & Central Asia,ECS,2011,6.586676471
Europe & Central Asia (excluding high income),ECA,2011,3.107527743
Europe & Central Asia (IDA & IBRD countries),TEC,2011,3.326991779
European Union,EUU,2011,7.266826389
Fragile and conflict affected situations,FCS,2011,1.760903698
Heavily indebted poor countries (HIPC),HPC,2011,1.261058699
High income,HIC,2011,7.296424092
IBRD only,IBD,2011,2.67531029
IDA & IBRD total,IBT,2011,2.555996225
IDA blend,IDB,2011,0.731064753
IDA only,IDX,2011,1.131599974
IDA total,IDA,2011,0.943761884
Late-demographic dividend,LTE,2011,2.855866752
Latin America & Caribbean,LCN,2011,3.640226452
Latin America & Caribbean (excluding high income),LAC,2011,3.688779583
Latin America & the Caribbean (IDA & IBRD countries),TLA,2011,3.567307332
Least developed countries: UN classification,LDC,2011,1.006834225
Low & middle income,LMY,2011,2.498438965
Low income,LIC,2011,1.030209219
Lower middle income,LMC,2011,1.439716227
Middle East & North Africa,MEA,2011,2.490061424
Middle East & North Africa (excluding high income),MNA,2011,2.334129667
Middle East & North Africa (IDA & IBRD countries),TMN,2011,2.334129667
Middle income,MIC,2011,2.522768208
North America,NAC,2011,7.838378199
Not classified,INX,2011,
OECD members,OED,2011,7.326135841
Other small states,OSS,2011,2.276034357
Pacific island small states,PSS,2011,2.70971808
Post-demographic dividend,PST,2011,7.545562125
Pre-demographic dividend,PRE,2011,1.059688119
Small states,SST,2011,2.325084997
South Asia,SAS,2011,0.888786664
South Asia (IDA & IBRD),TSA,2011,0.888786664
Sub-Saharan Africa,SSF,2011,1.91532247
Sub-Saharan Africa (excluding high income),SSA,2011,1.914608451
Sub-Saharan Africa (IDA & IBRD countries),TSS,2011,1.91532247
Upper middle income,UMC,2011,2.826103233
World,WLD,2011,5.691549409
